Year,Month,Weekly,Date,Fac.,Model,PGSC,Supplier,Part group,Stock Qty,Input Q'ty,Target of Input Qty,Inspection Qty,Pass Qty,Reject Qty,Return Qty,Percent,Return %,Result,Air Bubble,Big/ small,Bonding gap,Blk point,Burn,"Color 
Migration",C-Grade ,Crooked toe,Damaged,Deform,"Different 
color",Dirty,Long\ Short,Long ,Short,Missing Painting,Mold,Over Cement,Over painting,Over Primer,"Over
trimming",Uneven color,"Peel Off
painting",Poor Attached,"Poor 
buffing","Poor 
painting",Poor Trimming,Shiny/not shiny,Tear/ Crack,Thickness,Scratched,Toe spring/Hell spring,Undercure,Thinness Edge,Wobbling,Yellow,Over buffing,Poor edge,Fungus,Concave,Long toe,Others,REMARK
2025,1,1,2025-01-02,A,TENSAUR RUN 3.0 J,AB3-IE3542,SOC TRANG,IMEVA,6400,0,6669,950,912,38,38,4.00%,0.57%,,19,,,,4,,,,,,,,15,,,,,,,,,,,,,,,,,,,,,,,,,,,,,,
2025,1,1,2025-01-02,A,TENSAUR RUN 3.0 J,AB4-IE3544,SOC TRANG,IMEVA,14630,4948,20284,2710,2550,160,160,5.90%,0.79%,,49,,,,,5,,,11,,,26,69,,,,,,,,,,,,,,,,,,,,,,,,,,,,,,
2025,1,1,2025-01-02,A,VL COURT 3.0 K,AB2-ID6313,TAESUNG RACH GIA,Outsole,,910,910,910,892,18,18,1.98%,1.98%,,,,,,,,,,,,18,,,,,,,,,,,,,,,,,,,,,,,,,,,,,,,,
2025,1,1,2025-01-02,A,VL COURT 3.0 K,AB2-ID9062,TAESUNG RACH GIA,Outsole,,1260,1260,1260,1223,37,37,2.94%,2.94%,,,,,,,,,,,,37,,,,,,,,,,,,,,,,,,,,,,,,,,,,,,,,
2025,1,1,2025-01-02,A,LIGHTSHIFT,A-JH9324,EZ,Stockfit,1370,500,1870,1870,1847,23,23,1.23%,1.23%,,18,,,,,,,,,,,,,,,,,5,,,,,,,,,,,,,,,,,,,,,,,,,
2025,1,1,2025-01-02,A,LIGHTSHIFT,A-JH9315,EZ,Stockfit,,1037,1037,1037,1016,21,21,2.03%,2.03%,,,,2,,,,,,19,,,,,,,,,,,,,,,,,,,,,,,,,,,,,,,,,,
2025,1,1,2025-01-02,A,LIGHTSHIFT,A-JH9319,EZ,Stockfit,970,143,1113,1113,1086,27,27,2.43%,2.43%,,11,,,,,,,,16,,,,,,,,,,,,,,,,,,,,,,,,,,,,,,,,,,
2025,1,1,2025-01-02,A,LIGHTSHIFT,A-JH9326,EZ,Stockfit,,556,556,556,547,9,9,1.62%,1.62%,,,,7,,,,,,,,,,,,,,,2,,,,,,,,,,,,,,,,,,,,,,,,,
2025,1,1,2025-01-02,B,ADVANTAGE K,AC-GY6995,TAESUNG RACH GIA,Outsole,3250,374,3624,2100,2042,58,58,2.76%,1.60%,,,,,,,,,,,,58,,,,,,,,,,,,,,,,,,,,,,,,,,,,,,,,
2025,1,1,2025-01-02,C,GALAXY 7 M,AB-IE8226,TAESUNG RACH GIA,Stockfit,911,1289,2231,2200,2165,35,35,1.59%,1.57%,,,,,,,,,,3,,,,,,,,,17,,,,,,15,,,,,,,,,,,,,,,,,,,
2025,1,1,2025-01-02,C,GALAXY 7 M,AB-ID8752,EZ,Stockfit,,1100,1109,600,591,9,9,1.50%,0.81%,,,,3,,,,,,,,,,,,,,,,,6,,,,,,,,,,,,,,,,,,,,,,,
2025,1,1,2025-01-02,C,GALAXY 7 M,AC3-ID8757,TAESUNG RACH GIA,Stockfit,,1970,1970,1970,1950,20,20,1.02%,1.02%,,,,4,,,,,,5,,,,,,,,,,,7,,,,4,,,,,,,,,,,,,,,,,,,
2025,1,1,2025-01-02,C,GALAXY 7 W,AC3-ID8764,TAESUNG RACH GIA,Stockfit,,600,609,500,491,9,9,1.80%,1.48%,,,,3,,,,,,,,,,,,,,,3,,,,,,3,,,,,,,,,,,,,,,,,,,
2025,1,1,2025-01-02,C,ADVANTAGE BASE 2.0 CF C,A1-JI4194,TAESUNG RACH GIA,Outsole,,1117,1117,110,107,3,3,2.73%,0.27%,Pass,,,,,,,,,,,,3,,,,,,,,,,,,,,,,,,,,,,,,,,,,,,,
2025,1,1,2025-01-02,C,ADVANTAGE BASE 2.0 CF C,A1-JI4195,TAESUNG RACH GIA,Outsole,,1317,1317,130,127,3,3,2.31%,0.23%,Pass,,,,,,2,,,,,,,,,,,,,,,,,,,1,,,,,,,,,,,,,,,,,,
2025,1,1,2025-01-02,C,GRAND COURT 2.0 EL C,AC2-IH5529,TAESUNG RACH GIA,Outsole,,1128,1128,220,214,6,6,2.73%,0.53%,Pass,,,,,,,,,,,5,1,,,,,,,,,,,,,,,,,,,,,,,,,,,,,,,
2025,1,1,2025-01-02,C,TENSAUR SPORT 2.0 CF K,AB4-GW6439,TAESUNG RACH GIA,Outsole,,4275,4275,420,411,9,9,2.14%,0.21%,Pass,,,,,,3,,,,,6,,,,,,,,,,,,,,,,,,,,,,,,,,,,,,,,
2025,1,1,2025-01-02,C,VL COURT 3.0 EL C,AB4-ID9155,TAESUNG CU CHI,Outsole,800,0,800,800,751,49,49,6.13%,6.13%,,,,,,,,,,,,49,,,,,,,,,,,,,,,,,,,,,,,,,,,,,,,,
2025,1,1,2025-01-02,D,VS PACE 2.0,A-JI1811,TAESUNG RACH GIA,Stockfit,,1518,1518,150,148,2,2,1.33%,0.13%,Pass,,,,,,,,,,,,1,,,,,,1,,,,,,,,,,,,,,,,,,,,,,,,,
2025,1,1,2025-01-02,D,VS PACE 2.0,AC5-HP6009,TAESUNG RACH GIA,Stockfit,,3220,3220,320,315,5,5,1.56%,0.16%,Pass,,,3,,,,,,,,,,,,,,,,,,,,,2,,,,,,,,,,,,,,,,,,,
2025,1,1,2025-01-02,D,VS PACE 2.0,AC5-HP6008,TAESUNG RACH GIA,Stockfit,,2870,2870,300,295,5,5,1.67%,0.17%,Pass,,,,,,,,,,,,,,,,,,,,,,,,,3,,,2,,,,,,,,,,,,,,,
2025,1,1,2025-01-02,D,GRAND COURT 2.0,AB-ID1171,TAESUNG RACH GIA,Outsole,,400,400,40,39,1,1,2.50%,0.25%,Pass,,,,,,,,,,,1,,,,,,,,,,,,,,,,,,,,,,,,,,,,,,,,
2025,1,1,2025-01-02,D,ADVANTAGE,AC5-ID9630,TAESUNG CU CHI,Outsole,741,459,1200,1200,1085,115,115,9.58%,9.58%,,,,,,,,,,5,,20,10,,,,,,,,,,,,,80,,,,,,,,,,,,,,,,,,
2025,1,1,2025-01-02,D,TENSAUR SPORT 2.0 CF K,AB-IG8580,HVC,Outsole,,1500,1500,150,148,2,2,1.33%,0.13%,Pass,,,,,,1,,,,,,1,,,,,,,,,,,,,,,,,,,,,,,,,,,,,,,
2025,1,1,2025-01-02,D,VL COURT 3.0,A1-JP7535,EZ,Outsole,,0,1240,1240,1210,30,30,2.42%,2.42%,,,,,,,,,,,,,,,,,,,,,,,,,,,,,30,,,,,,,,,,,,,,,
2025,1,1,2025-01-02,D,VL COURT 3.0,A-JP5287,EZ,Outsole,,0,350,350,340,10,10,2.86%,2.86%,,,,,,,,,,,,10,,,,,,,,,,,,,,,,,,,,,,,,,,,,,,,,
2025,1,1,2025-01-02,D,VL COURT 3.0,AC5-ID6276,EZ,Outsole,,0,420,420,415,5,5,1.19%,1.19%,,,,,,,,,,,,,,5,,,,,,,,,,,,,,,,,,,,,,,,,,,,,,
2025,1,1,2025-01-02,D,ADVANTAGE,AC5-ID9630,TAESUNG CU CHI,Outsole,800,0,800,800,780,20,20,2.50%,2.50%,,,,,,,,,,,,15,5,,,,,,,,,,,,,,,,,,,,,,,,,,,,,,,
2025,1,1,2025-01-03,C,TENSAUR COMFORT AC J,A1-JR7661,SOC TRANG,IMEVA,550,0,550,550,517,33,33,6.00%,6.00%,,,,,,,,,,7,,,26,,,,,,,,,,,,,,,,,,,,,,,,,,,,,,,
2025,1,1,2025-01-03,C,VL COURT 3.0 EL C,AB4-ID9155,TAESUNG CU CHI,Outsole,1400,0,1400,1400,1337,63,63,4.50%,4.50%,,,,,,,,,,,,63,,,,,,,,,,,,,,,,,,,,,,,,,,,,,,,,
2025,1,1,2025-01-03,C,GRAND COURT 2.0 EL C,AC2-IE5995,TAESUNG RACH GIA,Outsole,,290,290,290,226,64,64,22.07%,22.07%,,,,,,,,,,,,55,9,,,,,,,,,,,,,,,,,,,,,,,,,,,,,,,
2025,1,1,2025-01-03,C,TENSAUR COMFORT AC J,A1-JR7662,SOC TRANG,IMEVA,950,0,950,950,896,54,54,5.68%,5.68%,,8,,,,,,,,9,,,,37,,,,,,,,,,,,,,,,,,,,,,,,,,,,,,
2025,1,1,2025-01-03,C,GALAXY 7 M,AC3-ID8757,TAESUNG RACH GIA,Stockfit,,260,260,260,252,8,8,3.08%,3.08%,,,,,,,,,,3,,,,,,,,,3,,,,,,2,,,,,,,,,,,,,,,,,,,
2025,1,1,2025-01-03,C,GALAXY 7 M,AB-ID8752,EZ,Stockfit,,840,840,170,165,5,5,2.94%,0.60%,,,,,,,,,,,,,,,,,,,,,5,,,,,,,,,,,,,,,,,,,,,,,
2025,1,1,2025-01-03,C,GALAXY 7 M,A-JI4597,EZ,Stockfit,365,135,500,500,491,9,9,1.80%,1.80%,,,,,,,,,,,,,,,,,,,4,,,,,2,3,,,,,,,,,,,,,,,,,,,
2025,1,1,2025-01-03,C,GALAXY 7 W,A-IG2117,EZ,Stockfit,,564,564,300,294,6,6,2.00%,1.06%,,,,,,,,,,1,,,,,,,,,3,,,,,,2,,,,,,,,,,,,,,,,,,,
2025,1,1,2025-01-03,C,GALAXY 7 M,AC3-ID8760,TAESUNG RACH GIA,Stockfit,721,649,1370,1370,1345,25,25,1.82%,1.82%,,4,,,,,,,,,,,,,,,,,21,,,,,,,,,,,,,,,,,,,,,,,,,
2025,1,1,2025-01-03,C,GALAXY 7 M,A-JI4601,EZ,Stockfit,70,980,1050,1050,1034,16,16,1.52%,1.52%,,2,,,,,,,,,,,,,,,,,11,,,,,3,,,,,,,,,,,,,,,,,,,,
2025,1,1,2025-01-03,C,GALAXY 7 W,AC3-ID8764,TAESUNG RACH GIA,Stockfit,,1016,1016,710,696,14,14,1.97%,1.38%,,3,,7,,,,,,,,,,,,,,,,,,,,,4,,,,,,,,,,,,,,,,,,,
2025,1,1,2025-01-03,C,GRAND COURT 2.0 EL C,AC2-IE5995,TAESUNG RACH GIA,Outsole,,740,740,140,112,28,740,20.00%,100.00%,Fail,,,,,,,,,,,28,,,,,,,,,,,,,,,,,,,,,,,,,,,,,,,,
2025,1,1,2025-01-03,B,ADVANTAGE K,AC-GY6995,TAESUNG RACH GIA,Outsole,2900,1397,4297,1930,1882,48,48,2.49%,1.12%,,,,,,,,,,,,48,,,,,,,,,,,,,,,,,,,,,,,,,,,,,,,,
2025,1,1,2025-01-03,A,VL COURT 3.0 K,AB2-ID6313,TAESUNG RACH GIA,Outsole,,1408,1408,1408,1346,62,62,4.40%,4.40%,,,,,,,,,,,,62,,,,,,,,,,,,,,,,,,,,,,,,,,,,,,,,
2025,1,1,2025-01-03,A,VL COURT 3.0 K,AB2-ID9062,TAESUNG RACH GIA,Outsole,,3260,3260,3260,3185,75,75,2.30%,2.30%,,,,,,,,,,,,75,,,,,,,,,,,,,,,,,,,,,,,,,,,,,,,,
2025,1,1,2025-01-03,A,TENSAUR RUN 3.0 J,AB4-IE3544,SOC TRANG,IMEVA,17268,0,17268,2350,1884,466,466,19.83%,2.70%,,97,,,,,,,,61,,,110,198,,,,,,,,,,,,,,,,,,,,,,,,,,,,,,
2025,1,1,2025-01-03,D,VL COURT 3.0,AC5-ID6276,EZ,Outsole,,3670,3670,360,352,8,8,2.22%,0.22%,Pass,,,,,,,,,,,,4,,,,,,,,,,,,,4,,,,,,,,,,,,,,,,,,
2025,1,1,2025-01-03,A,LIGHTSHIFT,A-JH9324,EZ,Stockfit,1910,294,2204,2204,2158,46,46,2.09%,2.09%,,,,,,,,,,27,,,,,,,,,19,,,,,,,,,,,,,,,,,,,,,,,,,
2025,1,1,2025-01-03,A,LIGHTSHIFT,A-JH9326,EZ,Stockfit,2298,170,2468,1450,1394,56,56,3.86%,2.27%,,11,,3,,,,,,,,,25,,,,,,,,,,,,17,,,,,,,,,,,,,,,,,,,
2025,1,1,2025-01-03,D,VS PACE 2.0,AC5-HP6008,TAESUNG RACH GIA,Stockfit,,1101,1101,100,98,2,2,2.00%,0.18%,Pass,,,,,,,,,,,,,,,,,,,,,,,,,1,,,1,,,,,,,,,,,,,,,
2025,1,1,2025-01-03,D,VL COURT 3.0,A1-JP7536,EZ,Outsole,,566,566,60,59,1,1,1.67%,0.18%,Pass,,,,,,,,,,,1,,,,,,,,,,,,,,,,,,,,,,,,,,,,,,,,
2025,1,1,2025-01-03,D,VS PACE 2.0,AC5-HP6009,TAESUNG RACH GIA,Stockfit,,790,790,80,79,1,1,1.25%,0.13%,Pass,,,,,,,,,,,,,,,,,,,,,,,,,1,,,,,,,,,,,,,,,,,,
2025,1,1,2025-01-03,D,VL COURT 3.0,AB1-ID9184,EZ,Outsole,,2496,2496,250,247,3,3,1.20%,0.12%,Pass,,,,,,,,,1,,,,,,,,,,,,,,,,2,,,,,,,,,,,,,,,,,,
2025,1,1,2025-01-03,D,VS PACE 2.0,AC5-HP6012,TAESUNG RACH GIA,Stockfit,,520,520,50,49,1,1,2.00%,0.19%,Pass,,,,,,,,,,,,,,,,,,,,,,,,1,,,,,,,,,,,,,,,,,,,
2025,1,1,2025-01-03,D,ADVANTAGE,AB-GW4850,TAESUNG CU CHI,Outsole,,279,279,279,266,13,13,4.66%,4.66%,,,,,,,,,,,,,3,,,,,,,,,,,,,10,,,,,,,,,,,,,,,,,,
2025,1,1,2025-01-03,D,ADVANTAGE,AC5-ID9630,TAESUNG CU CHI,Outsole,,460,1600,1600,1454,146,146,9.13%,9.13%,,,,,,,,,,6,,15,5,,,,,,,,,,,,,120,,,,,,,,,,,,,,,,,,
2025,1,1,2025-01-03,D,TENSAUR SPORT 2.0 CF K,AB-IG8580,HVC,Outsole,,339,339,40,39,1,1,2.50%,0.29%,Pass,,,,,,,,,,,,1,,,,,,,,,,,,,,,,,,,,,,,,,,,,,,,
2025,1,1,2025-01-03,D,VS PACE 2.0,A-JI1811,TAESUNG RACH GIA,Stockfit,,450,450,50,49,1,1,2.00%,0.22%,Pass,,,,,,,,,,,,1,,,,,,,,,,,,,,,,,,,,,,,,,,,,,,,
2025,1,1,2025-01-03,D,VL COURT 3.0,A1-JP7535,EZ,Outsole,,0,1250,1250,1220,30,30,2.40%,2.40%,,,,,,,,,,,,,,,,,,,,,,,,,,,,,30,,,,,,,,,,,,,,,
2025,1,1,2025-01-03,D,TENSAUR SPORT 2.0 CF K,AC10-GW1981,HVC,Outsole,,0,700,700,680,20,20,2.86%,2.86%,,,,,,,,,,,,20,,,,,,,,,,,,,,,,,,,,,,,,,,,,,,,,
2025,1,1,2025-01-04,D,TENSAUR SPORT 2.0 K,A1-IG8580,HVC,Outsole,,440,440,50,49,1,1,2.00%,0.23%,Pass,,,,,,,,,,,1,,,,,,,,,,,,,,,,,,,,,,,,,,,,,,,,
2025,1,1,2025-01-04,D,TENSAUR SPORT 2.0 K,AB1-GW1981,HVC,Outsole,,80,80,10,10,0,0,0.00%,0.00%,Pass,,,,,,,,,,,,,,,,,,,,,,,,,,,,,,,,,,,,,,,,,,,
2025,1,1,2025-01-04,D,VL COURT 3.0,AB1-ID6278,EZ,Outsole,,2648,2648,270,262,8,8,2.96%,0.30%,Pass,,,,,,,,,2,,,6,,,,,,,,,,,,,,,,,,,,,,,,,,,,,,,
2025,1,1,2025-01-04,D,VL COURT 3.0,AB1-ID9184,EZ,Outsole,,683,683,70,68,2,2,2.86%,0.29%,Pass,,,,,,,,,1,,,,,,,,,,,,,,,,,,1,,,,,,,,,,,,,,,,
2025,1,1,2025-01-04,D,VL COURT 3.0,A1-JP7535,EZ,Outsole,,0,1241,1241,1215,26,26,2.10%,2.10%,,,,,,,,,,,,26,,,,,,,,,,,,,,,,,,,,,,,,,,,,,,,,
2025,1,1,2025-01-04,D,VS PACE 2.0,A-JI1812,TAESUNG RACH GIA,Stockfit,4400,1140,5540,1173,1149,24,24,2.05%,0.43%,,,,5,,,,,,2,,,,,,,,,14,,,,,,,,,,,,,3,,,,,,,,,,,,
2025,1,1,2025-01-04,D,VS PACE 2.0,AB1-HP6008,TAESUNG RACH GIA,Stockfit,,2200,2200,220,214,6,6,2.73%,0.27%,Pass,,,,,,,,,,,,,,,,,,,,,,,,4,,,,,,,,,,,,,2,,,,,,
2025,1,1,2025-01-04,D,VS PACE 2.0,AB1-HP6009,TAESUNG RACH GIA,Stockfit,,790,790,80,78,2,2,2.50%,0.25%,Pass,,,2,,,,,,,,,,,,,,,,,,,,,,,,,,,,,,,,,,,,,,,,
2025,1,1,2025-01-04,D,VS PACE 2.0,AB1-HP6010,TAESUNG RACH GIA,Stockfit,,140,140,20,20,0,0,0.00%,0.00%,Pass,,,,,,,,,,,,,,,,,,,,,,,,,,,,,,,,,,,,,,,,,,,
2025,1,1,2025-01-04,D,VS PACE 2.0,AB1-HP6012,TAESUNG RACH GIA,Stockfit,,690,690,70,69,1,1,1.43%,0.14%,Pass,,,,,,,,,,,,,,,,,,1,,,,,,,,,,,,,,,,,,,,,,,,,
2025,1,1,2025-01-04,A,VL COURT 3.0 K,AB2-ID6312,TAESUNG RACH GIA,Outsole,1270,374,1644,1644,1595,49,49,2.98%,2.98%,,,,,,,,,,,,49,,,,,,,,,,,,,,,,,,,,,,,,,,,,,,,,
2025,1,1,2025-01-04,A,VL COURT 3.0 K,AB2-ID9062,TAESUNG RACH GIA,Outsole,,3090,3090,2090,2033,57,57,2.73%,1.84%,,,,,,,,,,,,57,,,,,,,,,,,,,,,,,,,,,,,,,,,,,,,,
2025,1,1,2025-01-04,A,LIGHTSHIFT,A-JH9326,EZ,Stockfit,,629,629,629,620,9,9,1.43%,1.43%,,7,,2,,,,,,,,,,,,,,,,,,,,,,,,,,,,,,,,,,,,,,,,
2025,1,1,2025-01-04,A,LIGHTSHIFT,A-JH9315,EZ,Stockfit,,2587,2587,1950,1912,38,38,1.95%,1.47%,,,,3,,,,,,,,,15,,,,,,11,,,,,,9,,,,,,,,,,,,,,,,,,,
2025,1,1,2025-01-04,A,LIGHTSHIFT,A-JH9310,EZ,Stockfit,1830,0,1830,1830,1812,18,18,0.98%,0.98%,,,,3,,,,,,,,,15,,,,,,,,,,,,,,,,,,,,,,,,,,,,,,,
2025,1,1,2025-01-04,A,TENSAUR RUN 3.0 J,AB4-IE3543,SOC TRANG,IMEVA,15590,2621,18211,3250,2796,454,454,13.97%,2.49%,,89,,,,,18,,,25,,,139,183,,,,,,,,,,,,,,,,,,,,,,,,,,,,,,
2025,1,1,2025-01-04,B,ADVANTAGE K,AC-GY6995,TAESUNG RACH GIA,Outsole,0,2186,2186,1186,1151,35,35,2.95%,1.60%,,,,,,,,,,,,35,,,,,,,,,,,,,,,,,,,,,,,,,,,,,,,,
2025,1,1,2025-01-04,C,GALAXY 7 M,AC3-ID8760,TAESUNG RACH GIA,Stockfit,,3360,3366,420,414,6,6,1.43%,0.18%,,,,,,,,,,,,,,,,,,,6,,,,,,,,,,,,,,,,,,,,,,,,,
2025,1,1,2025-01-04,C,TENSAUR COMFORT AC J,A1-JR7661,SOC TRANG,IMEVA,,0,380,380,370,10,10,2.63%,2.63%,,5,,,,,,,,,,,5,,,,,,,,,,,,,,,,,,,,,,,,,,,,,,,
2025,1,1,2025-01-04,C,GALAXY 7 M,AC3-ID8757,TAESUNG RACH GIA,Stockfit,,1404,1404,1250,1228,22,22,1.76%,1.57%,,,,,,,,,,2,,,,,,,,,12,,,,,,8,,,,,,,,,,,,,,,,,,,
2025,1,1,2025-01-04,C,GRAND COURT 2.0 EL C,AC2-IH5529,TAESUNG RACH GIA,Outsole,,70,70,70,50,20,20,28.57%,28.57%,,,,,,,,,,,,20,,,,,,,,,,,,,,,,,,,,,,,,,,,,,,,,
2025,1,1,2025-01-04,C,GALAXY 7 M,A-JI4601,EZ,Stockfit,,3191,3191,990,971,19,19,1.92%,0.60%,,,,,,,,,,1,,,,,,,,,9,,,,,2,7,,,,,,,,,,,,,,,,,,,
2025,1,1,2025-01-04,C,GALAXY 7 M,AC3-ID8757,TAESUNG RACH GIA,Stockfit,,280,280,280,271,9,9,3.21%,3.21%,,2,,4,,,,,,,,,,,,,,,3,,,,,,,,,,,,,,,,,,,,,,,,,
2025,1,1,2025-01-04,C,GRAND COURT 2.0 EL C,AC3-IE3851,TAESUNG RACH GIA,Outsole,,5368,5368,530,366,164,5368,30.94%,100.00%,Fail,,,,,,,,,,,164,,,,,,,,,,,,,,,,,,,,,,,,,,,,,,,,
2025,1,1,2025-01-04,C,VL COURT 3.0 EL C,AB4-ID9155,TAESUNG CU CHI,Outsole,,1200,1200,1200,1068,132,132,11.00%,11.00%,,,,,,,,,,,,132,,,,,,,,,,,,,,,,,,,,,,,,,,,,,,,,
2025,1,2,2025-01-06,D,VS PACE 2.0,A-JI1812,TAESUNG RACH GIA,Stockfit,4367,0,4367,3127,3055,72,72,2.30%,1.65%,,,,21,,,,,,,,,23,,,,,,,,,,,,,,,,,,19,,,,,,,9,,,,,,
2025,1,2,2025-01-06,D,GRAND COURT 2.0,AB1-GW9199,TAESUNG RACH GIA,Outsole,,0,863,863,840,23,23,2.67%,2.67%,,,,,,,,,,,,23,,,,,,,,,,,,,,,,,,,,,,,,,,,,,,,,
2025,1,2,2025-01-06,D,VS PACE 2.0,A-JI1811,TAESUNG RACH GIA,Stockfit,,510,510,60,59,1,1,1.67%,0.20%,Pass,,,,,,,,,,,,,,,,,,1,,,,,,,,,,,,,,,,,,,,,,,,,
2025,1,2,2025-01-06,D,VS PACE 2.0,A-JI1812,TAESUNG RACH GIA,Stockfit,,760,760,80,78,2,2,2.50%,0.26%,Pass,,,2,,,,,,,,,,,,,,,,,,,,,,,,,,,,,,,,,,,,,,,,
2025,1,2,2025-01-06,D,VS PACE 2.0,AB1-HP6008,TAESUNG RACH GIA,Stockfit,,960,960,100,98,2,2,2.00%,0.21%,Pass,,,1,,,,,,,,,,,,,,,,,,,,,1,,,,,,,,,,,,,,,,,,,
2025,1,2,2025-01-06,D,VS PACE 2.0,AB1-HP6012,TAESUNG RACH GIA,Stockfit,,810,810,90,88,2,2,2.22%,0.25%,Pass,,,,,,,,,,,,,,,,,,,,,,,,2,,,,,,,,,,,,,,,,,,,
2025,1,2,2025-01-06,D,VS PACE 2.0,AB1-HP6010,TAESUNG RACH GIA,Stockfit,,1161,1161,120,118,2,2,1.67%,0.17%,Pass,,,,,,,,,,,,,,,,,,,,2,,,,,,,,,,,,,,,,,,,,,,,
2025,1,2,2025-01-06,D,VS PACE 2.0,AB1-HP6009,TAESUNG RACH GIA,Stockfit,,252,252,30,30,0,0,0.00%,0.00%,Pass,,,,,,,,,,,,,,,,,,,,,,,,,,,,,,,,,,,,,,,,,,,
2025,1,2,2025-01-06,D,ADVANTAGE,AB-GW4850,TAESUNG CU CHI,Outsole,249,0,249,249,241,8,8,3.21%,3.21%,,,,,,,,,,,,2,4,,,,,,,,,,,,,,,,,,,,,,,,,,2,,,,,
2025,1,2,2025-01-06,D,ADVANTAGE,AB2-GW5537,TAESUNG CU CHI,Outsole,300,0,300,300,292,8,8,2.67%,2.67%,,,,,,,,,,1,,3,3,,,,,1,,,,,,,,,,,,,,,,,,,,,,,,,,
2025,1,2,2025-01-06,D,ADVANTAGE,AB2-GZ5300,TAESUNG CU CHI,Outsole,122,0,122,122,119,3,3,2.46%,2.46%,,,,,,,,,,1,,1,,,,,,,,,,,,,,,,,,,1,,,,,,,,,,,,,
2025,1,2,2025-01-06,A,TENSAUR RUN 3.0 J,AB4-IE3544,SOC TRANG,IMEVA,0,3067,3363,2570,2207,363,363,14.12%,10.79%,,82,,,,,,,,18,,,67,196,,,,,,,,,,,,,,,,,,,,,,,,,,,,,,
2025,1,2,2025-01-06,A,VL COURT 3.0 K,AB2-ID9062,TAESUNG RACH GIA,Outsole,,6023,6023,2900,2822,78,78,2.69%,1.30%,,,,,,,,,,,,78,,,,,,,,,,,,,,,,,,,,,,,,,,,,,,,,
2025,1,2,2025-01-06,A,VL COURT 3.0 K,AB1-IH2406,TAESUNG RACH GIA,Outsole,,535,535,535,510,25,25,4.67%,4.67%,,,,,,,,,,,,25,,,,,,,,,,,,,,,,,,,,,,,,,,,,,,,,
2025,1,2,2025-01-06,A,LIGHTSHIFT,A-JH9326,EZ,Stockfit,,469,469,469,456,13,13,2.77%,2.77%,,,,,,,,,,,,,11,,,,,,2,,,,,,,,,,,,,,,,,,,,,,,,,
2025,1,2,2025-01-06,A,LIGHTSHIFT,A-JH9315,EZ,Stockfit,950,1252,2202,2202,2164,38,38,1.73%,1.73%,,11,,,,,,,,,,,19,,,,,,,,,,,,8,,,,,,,,,,,,,,,,,,,
2025,1,2,2025-01-06,A,LIGHTSHIFT,A-JH9319,EZ,Stockfit,750,416,1166,1166,1143,23,23,1.97%,1.97%,,,,6,,,,,,,,,,,,,,,17,,,,,,,,,,,,,,,,,,,,,,,,,
2025,1,2,2025-01-06,B,ADVANTAGE K,AC-GY6995,TAESUNG RACH GIA,Outsole,2550,790,3340,3340,3249,91,91,2.72%,2.72%,,,,,,,,,,,,91,,,,,,,,,,,,,,,,,,,,,,,,,,,,,,,,
2025,1,2,2025-01-06,C,GALAXY 7 M,A-JI4601,EZ,Stockfit,,1450,1464,1110,1091,19,19,1.71%,1.30%,,,,6,,,,,,,,,,,,,,,6,,,,,,7,,,,,,,,,,,,,,,,,,,
2025,1,2,2025-01-06,C,GALAXY 7 W,AC3-ID8764,TAESUNG RACH GIA,Stockfit,536,424,960,960,945,15,15,1.56%,1.56%,,,,6,,,,,,2,,,,,,,,,7,,,,,,,,,,,,,,,,,,,,,,,,,
2025,1,2,2025-01-06,C,GALAXY 7 M,AB-ID8752,EZ,Stockfit,,681,691,550,540,10,10,1.82%,1.45%,,,,,,,,,,,,,,,,,,,,,6,,,,4,,,,,,,,,,,,,,,,,,,
2025,1,2,2025-01-06,C,GALAXY 7 M,AC2-ID8754,TAESUNG RACH GIA,Stockfit,901,1069,1993,1970,1938,32,32,1.62%,1.61%,,3,,5,,,,,,,,,,,,,,,13,,,,,,11,,,,,,,,,,,,,,,,,,,
2025,1,2,2025-01-06,C,GALAXY 7 M,A-JI4600,EZ,Stockfit,,643,643,370,364,6,6,1.62%,0.93%,,,,,,,,,,2,,,,,,,,,4,,,,,,,,,,,,,,,,,,,,,,,,,
2025,1,2,2025-01-06,C,GRAND COURT 2.0 EL C,AC2-IE5995,TAESUNG RACH GIA,Outsole,,120,120,120,89,31,31,25.83%,25.83%,,,,,,,,,,,,31,,,,,,,,,,,,,,,,,,,,,,,,,,,,,,,,
2025,1,2,2025-01-06,C,GALAXY 7 M,AC3-ID8757,TAESUNG RACH GIA,Stockfit,,595,595,595,583,12,12,2.02%,2.02%,,3,,4,,,,,,,,,,,,,,,5,,,,,,,,,,,,,,,,,,,,,,,,,
2025,1,2,2025-01-06,C,GRAND COURT 2.0 EL C,AC3-IE3851,TAESUNG RACH GIA,Outsole,,4610,4610,460,447,13,13,2.83%,0.28%,Pass,,,,,,,,,,,13,,,,,,,,,,,,,,,,,,,,,,,,,,,,,,,,
2025,1,2,2025-01-06,C,VL COURT 3.0 EL C,AB4-ID9155,TAESUNG CU CHI,Outsole,,534,1100,1100,957,143,143,13.00%,13.00%,,,,,,,,,,,,143,,,,,,,,,,,,,,,,,,,,,,,,,,,,,,,,
2025,1,2,2025-01-07,D,VS PACE 2.0,AB1-HP6012,TAESUNG RACH GIA,Stockfit,1486,0,1486,1486,1450,36,36,2.42%,2.42%,,,,2,,,,,,1,,,12,,,,,,15,,,,,,2,,,,,,4,,,,,,,,,,,,,
2025,1,2,2025-01-07,D,VS PACE 2.0,A-JI1812,TAESUNG RACH GIA,Stockfit,1240,0,1240,1240,1208,32,32,2.58%,2.58%,,,,6,,,,,,2,,,4,,,,,,14,,,,,,,,,,,,6,,,,,,,,,,,,,
2025,1,2,2025-01-07,D,VS PACE 2.0,AB1-HP6010,TAESUNG RACH GIA,Stockfit,,1700,1700,170,165,5,5,2.94%,0.29%,Pass,,,,,,,,,,,,2,,,,,,,,,,,,,,,,,,,,,,,,,3,,,,,,
2025,1,2,2025-01-07,D,VS PACE 2.0,AB1-HP6012,TAESUNG RACH GIA,Stockfit,,130,130,20,20,0,0,0.00%,0.00%,Pass,,,,,,,,,,,,,,,,,,,,,,,,,,,,,,,,,,,,,,,,,,,
2025,1,2,2025-01-07,D,VS PACE 2.0,A-JI1811,TAESUNG RACH GIA,Stockfit,,449,449,50,50,0,0,0.00%,0.00%,Pass,,,,,,,,,,,,,,,,,,,,,,,,,,,,,,,,,,,,,,,,,,,
2025,1,2,2025-01-07,D,VL COURT 3.0,A1-JP7535,EZ,Outsole,,0,742,742,721,21,21,2.83%,2.83%,,,,,,,,,,,,21,,,,,,,,,,,,,,,,,,,,,,,,,,,,,,,,
2025,1,2,2025-01-07,D,VL COURT 3.0,AB-ID9184,EZ,Outsole,,0,717,717,697,20,20,2.79%,2.79%,,,,,,,16,,,4,,,,,,,,,,,,,,,,,,,,,,,,,,,,,,,,,,
2025,1,2,2025-01-07,D,VL COURT 3.0,AC1-ID6278,EZ,Outsole,,0,220,220,213,7,7,3.18%,3.18%,,,,,,,,,,2,,,5,,,,,,,,,,,,,,,,,,,,,,,,,,,,,,,
2025,1,2,2025-01-07,B,ADVANTAGE K,AC-GY6995,TAESUNG RACH GIA,Outsole,,1863,1863,1863,1834,29,29,1.56%,1.56%,,,,,,,,,,,,29,,,,,,,,,,,,,,,,,,,,,,,,,,,,,,,,
2025,1,2,2025-01-07,A,LIGHTSHIFT,A-JH9315,EZ,Stockfit,680,1758,2438,2438,2410,28,28,1.15%,1.15%,,,,5,,,,,,8,,,,,,,,,,,,,,,15,,,,,,,,,,,,,,,,,,,
2025,1,2,2025-01-07,A,LIGHTSHIFT,A-JH9317,EZ,Stockfit,,1207,1207,1207,1185,22,22,1.82%,1.82%,,13,,,,,,,,,,,,,,,,,9,,,,,,,,,,,,,,,,,,,,,,,,,
2025,1,2,2025-01-07,A,LIGHTSHIFT,A-JH9324,EZ,Stockfit,730,655,1385,1385,1325,60,60,4.33%,4.33%,,9,,,,,,,,17,,,21,,,,,,,,,,,,13,,,,,,,,,,,,,,,,,,,
2025,1,2,2025-01-07,A,VL COURT 3.0 K,AB2-ID9062,TAESUNG RACH GIA,Outsole,,5313,5313,2100,2062,38,38,1.81%,0.72%,,,,,,,,,,,,38,,,,,,,,,,,,,,,,,,,,,,,,,,,,,,,,
2025,1,2,2025-01-07,A,VL COURT 3.0 K,AB2-ID6312,TAESUNG RACH GIA,Outsole,950,167,1117,1117,1096,21,21,1.88%,1.88%,,,,,,,,,,,,21,,,,,,,,,,,,,,,,,,,,,,,,,,,,,,,,
2025,1,2,2025-01-07,A,TENSAUR RUN 3.0 J,AB4-IE3544,SOC TRANG,IMEVA,13850,3876,17726,2950,2649,301,301,10.20%,1.70%,,91,,,,,,,,33,,,39,138,,,,,,,,,,,,,,,,,,,,,,,,,,,,,,
2025,1,2,2025-01-07,C,GALAXY 7 M,AC3-ID8757,TAESUNG RACH GIA,Stockfit,,62,62,62,59,3,3,4.84%,4.84%,,,,1,,,,,,1,,,,,,,,,,,,,,,1,,,,,,,,,,,,,,,,,,,
2025,1,2,2025-01-07,C,GALAXY 7 M,AC3-ID8760,TAESUNG RACH GIA,Stockfit,,330,330,330,321,9,9,2.73%,2.73%,,,,,,,,,,2,,,,,,,,,4,,,,,,3,,,,,,,,,,,,,,,,,,,
2025,1,2,2025-01-07,C,GALAXY 7 M,AC2-ID8754,TAESUNG RACH GIA,Stockfit,,5010,5010,3040,2984,56,56,1.84%,1.12%,,,,,,,,,,5,,,,,,,,,29,,,,,,22,,,,,,,,,,,,,,,,,,,
2025,1,2,2025-01-07,C,GALAXY 7 M,A-JI4601,EZ,Stockfit,,1920,1920,200,195,5,5,2.50%,0.26%,,,,,,,,,,,,,,,,,,,,,2,,,,3,,,,,,,,,,,,,,,,,,,
2025,1,2,2025-01-07,C,GALAXY 7 W,A-IG2117,EZ,Stockfit,,350,350,350,341,9,9,2.57%,2.57%,,,,,,,,,,2,,,,,,,,,4,,,,,,3,,,,,,,,,,,,,,,,,,,
2025,1,2,2025-01-07,C,GALAXY 7 M,A-JI4597,EZ,Stockfit,,266,266,100,98,2,2,2.00%,0.75%,,,,,,,,,,,,,,,,,,,,,1,,,,1,,,,,,,,,,,,,,,,,,,
2025,1,2,2025-01-07,C,GALAXY 7 M,AB-ID8752,EZ,Stockfit,,310,310,310,304,6,6,1.94%,1.94%,,,,2,,,,,,1,,,,,,,,,3,,,,,,,,,,,,,,,,,,,,,,,,,
2025,1,2,2025-01-07,C,GRAND COURT 2.0 EL C,AC3-IE3851,TAESUNG RACH GIA,Outsole,,2954,2954,290,282,8,8,2.76%,0.27%,Pass,,,,,,,,,,,8,,,,,,,,,,,,,,,,,,,,,,,,,,,,,,,,
2025,1,2,2025-01-07,C,VL COURT 3.0 EL C,A1-JH6317,TAESUNG CU CHI,Outsole,,6700,6700,670,662,8,8,1.19%,0.12%,Pass,,,,,,,,,,,,8,,,,,,,,,,,,,,,,,,,,,,,,,,,,,,,
2025,1,2,2025-01-08,D,ADVANTAGE,AB2-GZ5303,TAESUNG CU CHI,Outsole,67,0,67,67,65,2,2,2.99%,2.99%,,,,,,,,,,,,2,,,,,,,,,,,,,,,,,,,,,,,,,,,,,,,,
2025,1,2,2025-01-08,D,ADVANTAGE,AB2-ID9630,TAESUNG CU CHI,Outsole,,121,121,121,118,3,3,2.48%,2.48%,,,,,,,,,,,,2,1,,,,,,,,,,,,,,,,,,,,,,,,,,,,,,,
2025,1,2,2025-01-08,D,ADVANTAGE,AB2-GW5537,TAESUNG CU CHI,Outsole,,290,290,290,282,8,8,2.76%,2.76%,,,,,,,,,,,,3,,,,,,,,,,,,,,,,5,,,,,,,,,,,,,,,,
2025,1,2,2025-01-08,D,VL COURT 3.0,A1-JP7535,EZ,Outsole,,0,1127,1127,1090,37,37,3.28%,3.28%,,,,,,,11,,,,,,,,,,,,,,,,,,,,,,26,,,,,,,,,,,,,,,
2025,1,2,2025-01-08,D,VL COURT 3.0,A1-JP7535,EZ,Outsole,,0,2769,2769,2688,81,81,2.93%,2.93%,,,,,,,22,,,,,59,,,,,,,,,,,,,,,,,,,,,,,,,,,,,,,,
2025,1,2,2025-01-08,D,VL COURT 3.0,AB-ID9184,EZ,Outsole,,0,800,800,775,25,25,3.13%,3.13%,,,,,,,,,,,,11,,,,,,,,,,,,,,,,,,,14,,,,,,,,,,,,,
2025,1,2,2025-01-08,B,ADVANTAGE K,AC-GY6995,TAESUNG RACH GIA,Outsole,,3074,3074,1970,1943,27,27,1.37%,0.88%,,,,,,,,,,,,27,,,,,,,,,,,,,,,,,,,,,,,,,,,,,,,,
2025,1,2,2025-01-08,A,VL COURT 3.0 K,A1-JH8725,TAESUNG RACH GIA,Outsole,,406,406,406,398,8,8,1.97%,1.97%,,,,,,,,,,,,8,,,,,,,,,,,,,,,,,,,,,,,,,,,,,,,,
2025,1,2,2025-01-08,A,VL COURT 3.0 K,AB2-ID9062,TAESUNG RACH GIA,Outsole,,5205,5205,2400,2313,87,87,3.63%,1.67%,,,,,,,,,,,,87,,,,,,,,,,,,,,,,,,,,,,,,,,,,,,,,
2025,1,2,2025-01-08,A,LIGHTSHIFT,A-JH9317,EZ,Stockfit,,770,770,770,756,14,14,1.82%,1.82%,,7,,,,,,,,5,,,,,,,,,2,,,,,,,,,,,,,,,,,,,,,,,,,
2025,1,2,2025-01-08,A,LIGHTSHIFT,A-JH9315,EZ,Outsole,,2258,2258,2258,2224,34,34,1.51%,1.51%,,,,13,,,,,,,,,,,,,,,,,,,,,21,,,,,,,,,,,,,,,,,,,
2025,1,2,2025-01-08,A,LIGHTSHIFT,A-JH9324,EZ,Outsole,1070,758,1828,1828,1784,44,44,2.41%,2.41%,,,,,,,,,,15,,,19,,,,,,,,,,,,10,,,,,,,,,,,,,,,,,,,
2025,1,2,2025-01-08,A,TENSAUR RUN 3.0 J,AB5-IE3549,SOC TRANG,IMEVA,13776,0,14028,4370,3965,405,405,9.27%,2.89%,,96,,,,,,,,39,,,72,198,,,,,,,,,,,,,,,,,,,,,,,,,,,,,,
2025,1,2,2025-01-08,A,TENSAUR SPORT 2.0 CF I,AB-GW6456,HVC,Outsole,,1231,1231,130,127,3,3,2.31%,0.24%,Pass,,,,,,1,,,,,2,,,,,,,,,,,,,,,,,,,,,,,,,,,,,,,,
2025,1,2,2025-01-08,C,GALAXY 7 M,A-JI4601,EZ,Stockfit,,1406,1418,1000,984,16,16,1.60%,1.13%,,3,,,,,,,,,,,,,,,,,,,,,,,13,,,,,,,,,,,,,,,,,,,
2025,1,2,2025-01-08,C,GALAXY 7 M,AC3-ID8760,TAESUNG RACH GIA,Stockfit,,2710,2765,2710,2651,59,59,2.18%,2.13%,,4,,7,,,,,,,,,,,,,,,39,,,,,,,9,,,,,,,,,,,,,,,,,,
2025,1,2,2025-01-08,C,GALAXY 7 M,AC2-ID8754,TAESUNG RACH GIA,Stockfit,,2276,2276,1750,1721,29,29,1.66%,1.27%,,,,,,,,,,3,,,,,,,,,26,,,,,,,,,,,,,,,,,,,,,,,,,
2025,1,2,2025-01-08,C,TENSAUR SPORT 2.0 CF K,AC1-JR3219,HVC,Outsole,,0,710,710,668,42,42,5.92%,5.92%,,,,,,,,,,,,42,,,,,,,,,,,,,,,,,,,,,,,,,,,,,,,,
2025,1,2,2025-01-08,C,VL COURT 3.0 EL C,AB4-ID9155,TAESUNG CU CHI,Outsole,,0,560,560,521,39,39,6.96%,6.96%,,,,,,,,,,,,39,,,,,,,,,,,,,,,,,,,,,,,,,,,,,,,,
2025,1,2,2025-01-09,A,VL COURT 3.0 K,AB2-ID9062,TAESUNG RACH GIA,Outsole,,2251,2251,1251,1216,35,35,2.80%,1.55%,,,,,,,,,,,,35,,,,,,,,,,,,,,,,,,,,,,,,,,,,,,,,
2025,1,2,2025-01-09,A,VL COURT 3.0 K,AB2-ID6312,TAESUNG RACH GIA,Outsole,,342,342,342,335,7,7,2.05%,2.05%,,,,,,,,,,,,7,,,,,,,,,,,,,,,,,,,,,,,,,,,,,,,,
2025,1,2,2025-01-09,A,TENSAUR SPORT 2.0 CF I,AB-GW6455,HVC,Outsole,,154,154,20,20,0,0,0.00%,0.00%,,,,,,,,,,,,,,,,,,,,,,,,,,,,,,,,,,,,,,,,,,,,
2025,1,2,2025-01-09,A,LIGHTSHIFT,A-JH9326,EZ,Stockfit,730,0,730,730,712,18,18,2.47%,2.47%,,,,1,,,,,,2,,,15,,,,,,,,,,,,,,,,,,,,,,,,,,,,,,,
2025,1,2,2025-01-09,A,LIGHTSHIFT,A-JH9315,EZ,Stockfit,1150,696,1846,1846,1786,60,60,3.25%,3.25%,,14,,2,,,,,,11,,,26,,,,,,,,,,,,7,,,,,,,,,,,,,,,,,,,
2025,1,2,2025-01-09,A,LIGHTSHIFT,A-JH9317,EZ,Stockfit,,1223,1223,1223,1195,28,28,2.29%,2.29%,,8,,,,,,,,,,,11,,,,,,,,,,,,9,,,,,,,,,,,,,,,,,,,
2025,1,2,2025-01-09,A,TENSAUR RUN 3.0 J,AB3-IE3542,SOC TRANG,IMEVA,3056,190,3246,1410,1330,80,80,5.67%,2.46%,,39,,,,,,,,,,,,41,,,,,,,,,,,,,,,,,,,,,,,,,,,,,,
2025,1,2,2025-01-09,A,TENSAUR RUN 3.0 J,AB4-IE3543,SOC TRANG,IMEVA,14280,140,14420,4230,3850,380,380,8.98%,2.64%,,92,,,,,,,,48,,,39,201,,,,,,,,,,,,,,,,,,,,,,,,,,,,,,
2025,1,2,2025-01-09,B,ADVANTAGE BASE 2.0 CF C,AB2-IE9019,TAESUNG RACH GIA,Outsole,,6381,6381,1530,1495,35,35,2.29%,0.55%,,,,,,,,,,6,,8,,,,,,,,,,,,,,,,21,,,,,,,,,,,,,,,,
2025,1,2,2025-01-09,B,ADVANTAGE K,AC-GY6996,TAESUNG RACH GIA,Outsole,,1520,1520,1190,1162,28,28,2.35%,1.84%,,,,,,,,,,3,,7,,,,,,,,,,,,,,,,18,,,,,,,,,,,,,,,,
2025,1,2,2025-01-09,C,GALAXY 7 M,A-JI4601,EZ,Stockfit,,1116,1116,370,364,6,6,1.62%,0.54%,,,,,,,,,,1,,,,,,,,,,,,,,,5,,,,,,,,,,,,,,,,,,,
2025,1,2,2025-01-09,C,GALAXY 7 M,A-JI4597,EZ,Stockfit,,886,886,660,648,12,12,1.82%,1.35%,,,,,,,,,,2,,,,,,,,,5,,,,,5,,,,,,,,,,,,,,,,,,,,
2025,1,2,2025-01-09,C,GALAXY 7 M,AC2-ID8754,TAESUNG RACH GIA,Stockfit,770,660,1430,1430,1395,35,35,2.45%,2.45%,,,,,,,,,,12,,,,,,,,,23,,,,,,,,,,,,,,,,,,,,,,,,,
2025,1,2,2025-01-09,C,VL COURT 3.0 EL C,AB4-ID9155,TAESUNG CU CHI,Outsole,,0,700,700,650,50,50,7.14%,7.14%,,,,,,,,,,,,50,,,,,,,,,,,,,,,,,,,,,,,,,,,,,,,,
2025,1,2,2025-01-09,C,TENSAUR SPORT 2.0 CF K,AC1-JR3219,HVC,Outsole,,0,700,600,550,50,50,8.33%,7.14%,,,,,,,,,,,,50,,,,,,,,,,,,,,,,,,,,,,,,,,,,,,,,
2025,1,2,2025-01-09,C,GALAXY 7 M,AC3-ID8760,TAESUNG RACH GIA,Stockfit,,2040,2040,2040,1985,55,55,2.70%,2.70%,,5,,9,,,,,,,,,,,,,,,34,,,,,,7,,,,,,,,,,,,,,,,,,,
2025,1,2,2025-01-09,C,GRAND COURT 2.0 EL C,AC2-IE5995,TAESUNG RACH GIA,Outsole,,1380,1380,500,411,89,89,17.80%,6.45%,,,,,,,,,,8,,35,8,,,,,38,,,,,,,,,,,,,,,,,,,,,,,,,,
2025,1,2,2025-01-09,D,VS PACE 2.0,A-JI1812,TAESUNG RACH GIA,Stockfit,2113,1552,3665,1173,1139,34,34,2.90%,0.93%,,,,9,,,,,,,,,3,,,,,,16,,,,,,,,,,,,6,,,,,,,,,,,,,
2025,1,2,2025-01-09,D,GRAND COURT 2.0,AB1-GW9199,TAESUNG RACH GIA,Outsole,,0,920,920,891,29,29,3.15%,3.15%,,,,,,,,,,,,29,,,,,,,,,,,,,,,,,,,,,,,,,,,,,,,,
2025,1,2,2025-01-09,D,VL COURT 3.0,AB1-ID9184,EZ,Outsole,,0,850,850,820,30,30,3.53%,3.53%,,,,,,,,,,,,,,,,,,,,,,,,,,,,,30,,,,,,,,,,,,,,,
2025,1,2,2025-01-09,D,VL COURT 3.0,AB1-ID6276,EZ,Outsole,,0,1660,1660,1615,45,45,2.71%,2.71%,,,,,,,,,,,,12,,,,,,,,,,,,,,,,33,,,,,,,,,,,,,,,,
2025,1,2,2025-01-09,D,VL COURT 3.0,A-JP7536,EZ,Outsole,,0,600,600,577,23,23,3.83%,3.83%,,,,,,,,,,,,,,,,,,,,,,,,,,,,,23,,,,,,,,,,,,,,,
2025,1,2,2025-01-09,D,VL COURT 3.0,A1-JP7535,EZ,Outsole,,0,374,374,365,9,9,2.41%,2.41%,,,,,,,,,,,,9,,,,,,,,,,,,,,,,,,,,,,,,,,,,,,,,
2025,1,2,2025-01-10,D,TENSAUR SPORT 2.0 K,AB2-GW1981,TAESUNG CU CHI,Outsole,1018,0,1018,1018,980,38,38,3.73%,3.73%,,,,,,,15,,,,,7,16,,,,,,,,,,,,,,,,,,,,,,,,,,,,,,,
2025,1,2,2025-01-10,D,ADVANTAGE,AB2-GW5537,TAESUNG CU CHI,Outsole,120,122,242,242,235,7,7,2.89%,2.89%,,,,,,,2,,,,,3,2,,,,,,,,,,,,,,,,,,,,,,,,,,,,,,,
2025,1,2,2025-01-10,D,ADVANTAGE,AB2-GZ5300,TAESUNG CU CHI,Outsole,416,642,1058,416,408,8,8,1.92%,0.76%,,,,,,,,,,2,,1,3,,,,,,,,,,,,,,,2,,,,,,,,,,,,,,,,
2025,1,2,2025-01-10,D,VS PACE 2.0,A-JI1812,TAESUNG RACH GIA,Stockfit,2492,138,2630,1274,1250,24,24,1.88%,0.91%,,,,7,,,,,,,,,,,,,,,11,,,,,,2,,,,,,4,,,,,,,,,,,,,
2025,1,2,2025-01-10,D,VL COURT 3.0,A-JP7536,EZ,Outsole,,0,1470,1470,1430,40,40,2.72%,2.72%,,,,,,,,,,,,29,,,,,,,,,,,,,,,,,,,,,,,,,,,,11,,,,
2025,1,2,2025-01-10,D,VL COURT 3.0,AB1-ID6276,EZ,Outsole,,0,1210,1210,1181,29,29,2.40%,2.40%,,,,,,,,,,3,,9,17,,,,,,,,,,,,,,,,,,,,,,,,,,,,,,,
2025,1,2,2025-01-10,D,VL COURT 3.0,A1-JP7535,EZ,Outsole,,0,790,790,766,24,24,3.04%,3.04%,,,,,,,,,,,,11,13,,,,,,,,,,,,,,,,,,,,,,,,,,,,,,,
2025,1,2,2025-01-10,C,GALAXY 7 M,AC3-ID8760,TAESUNG RACH GIA,Stockfit,,930,930,930,908,22,22,2.37%,2.37%,,,,,,,,,,3,,,,,,,,,12,,,,,,7,,,,,,,,,,,,,,,,,,,
2025,1,2,2025-01-10,C,GALAXY 7 M,AC3-ID8757,TAESUNG RACH GIA,Stockfit,,826,826,826,807,19,19,2.30%,2.30%,,2,,5,,,,,,,,,,,,,,,6,,,,,,6,,,,,,,,,,,,,,,,,,,
2025,1,2,2025-01-10,A,LIGHTSHIFT,A-JH9326,EZ,Stockfit,,210,210,210,206,4,4,1.90%,1.90%,,,,1,,,1,,,,,,,,,,,,,,,,,,2,,,,,,,,,,,,,,,,,,,
2025,1,2,2025-01-10,C,GRAND COURT 2.0 EL C,AC2-IE5995,TAESUNG RACH GIA,Outsole,,1102,1102,1102,957,145,145,13.16%,13.16%,,,,,,,,,,12,,60,22,,,,,51,,,,,,,,,,,,,,,,,,,,,,,,,,
2025,1,2,2025-01-10,A,LIGHTSHIFT,A-JH9315,EZ,Stockfit,980,734,1714,1714,1673,41,41,2.39%,2.39%,,,,,,,7,,,,,,28,,,,,,6,,,,,,,,,,,,,,,,,,,,,,,,,
2025,1,2,2025-01-10,C,GALAXY 7 M,A-JI4598,EZ,Stockfit,,1240,1240,1240,1214,26,26,2.10%,2.10%,,,,,,,,,,2,,,,,,,,,,,15,,,,9,,,,,,,,,,,,,,,,,,,
2025,1,2,2025-01-10,C,GALAXY 7 M,A-JI4601,EZ,Stockfit,,980,980,450,444,6,6,1.33%,0.61%,,,,3,,,,,,,,,,,,,,,,,3,,,,,,,,,,,,,,,,,,,,,,,
2025,1,2,2025-01-10,A,LIGHTSHIFT,A-JH9317,EZ,Stockfit,,1188,1188,1188,1156,32,32,2.69%,2.69%,,,,,,,,,,23,,,,,,,,,9,,,,,,,,,,,,,,,,,,,,,,,,,
2025,1,2,2025-01-10,A,TENSAUR RUN 3.0 J,AB3-IE3542,SOC TRANG,IMEVA,2836,0,2836,2836,2724,112,112,3.95%,3.95%,,37,,,,8,5,,,,,,,62,,,,,,,,,,,,,,,,,,,,,,,,,,,,,,
2025,1,2,2025-01-10,C,GALAXY 7 M,AC2-ID8754,TAESUNG RACH GIA,Stockfit,,3621,3621,850,837,13,13,1.53%,0.36%,,,,,,,,,,,,,,,,,,,8,,,,,,5,,,,,,,,,,,,,,,,,,,
2025,1,2,2025-01-10,A,VL COURT 3.0 K,AB2-ID9062,TAESUNG RACH GIA,Outsole,,1635,1635,1635,1599,36,36,2.20%,2.20%,,,,,,,,,,,,36,,,,,,,,,,,,,,,,,,,,,,,,,,,,,,,,
2025,1,2,2025-01-10,A,VL COURT 3.0 K,AB1-IH2406,TAESUNG RACH GIA,Outsole,,2085,2085,2085,2037,48,48,2.30%,2.30%,,,,,,,,,,,,48,,,,,,,,,,,,,,,,,,,,,,,,,,,,,,,,
2025,1,2,2025-01-10,B,ADVANTAGE BASE 2.0 CF C,AB2-IE9019,TAESUNG RACH GIA,Outsole,,3595,3595,2100,2058,42,42,2.00%,1.17%,,,,,,,,,,,,5,21,,,,,,,,,,,,,,,16,,,,,,,,,,,,,,,,
2025,1,2,2025-01-10,B,ADVANTAGE K,AB3-GY6995,TAESUNG RACH GIA,Outsole,,1401,1401,1401,1364,37,37,2.64%,2.64%,,,,,,,,,,,,11,17,,,,,,,,,,,,,,,9,,,,,,,,,,,,,,,,
2025,1,2,2025-01-10,C,VL COURT 3.0 EL C,AB4-ID9155,TAESUNG CU CHI,Outsole,,1460,1460,1100,1078,22,22,2.00%,1.51%,,,,,,,,,,,,22,,,,,,,,,,,,,,,,,,,,,,,,,,,,,,,,
2025,1,2,2025-01-10,C,VL COURT 3.0 EL C,A1-JH6317,TAESUNG CU CHI,Outsole,,1536,1536,150,148,2,2,1.33%,0.13%,Pass,,,,,,,,,,,,,,,,,,,,,,,,,,,,2,,,,,,,,,,,,,,,
2025,1,2,2025-01-10,C,TENSAUR SPORT 2.0 CF K,AC1-JR3219,HVC,Outsole,,0,1200,1200,1169,31,31,2.58%,2.58%,,,,,,,,,,,,31,,,,,,,,,,,,,,,,,,,,,,,,,,,,,,,,
2025,1,2,2025-01-11,A,TENSAUR SPORT 2.0 CF I,AB-IF1734,HVC,Outsole,,100,100,10,10,0,0,0.00%,0.00%,Pass,,,,,,,,,,,,,,,,,,,,,,,,,,,,,,,,,,,,,,,,,,,
2025,1,2,2025-01-11,A,ASPYRE,A-JR7672,TAESUNG RACH GIA,Stockfit,,280,280,30,30,0,0,0.00%,0.00%,Pass,,,,,,,,,,,,,,,,,,,,,,,,,,,,,,,,,,,,,,,,,,,
2025,1,2,2025-01-11,A,VL COURT 3.0 K,AB2-IE3630,TAESUNG RACH GIA,Outsole,1470,456,1926,1926,1888,38,38,1.97%,1.97%,,,,,,,,,,,,38,,,,,,,,,,,,,,,,,,,,,,,,,,,,,,,,
2025,1,2,2025-01-11,A,VL COURT 3.0 K,AB2-ID6313,TAESUNG RACH GIA,Outsole,1050,210,1260,1260,1231,29,29,2.30%,2.30%,,,,,,,,,,,,29,,,,,,,,,,,,,,,,,,,,,,,,,,,,,,,,
2025,1,2,2025-01-11,A,LIGHTSHIFT,A-JH9319,EZ,Stockfit,1860,450,2310,2310,2236,74,74,3.20%,3.20%,,9,,,,,,,,14,,,25,,,,,,7,,,,,,19,,,,,,,,,,,,,,,,,,,
2025,1,2,2025-01-11,A,LIGHTSHIFT,A-JH9315,EZ,Stockfit,1437,0,1437,1437,1401,36,36,2.51%,2.51%,,,,,,,,,,18,,,,,,,,,5,,,,,,13,,,,,,,,,,,,,,,,,,,
2025,1,2,2025-01-11,A,LIGHTSHIFT,A-JH9317,EZ,Stockfit,995,0,995,995,978,17,17,1.71%,1.71%,,,,,,,9,,,5,,,,,,,,,3,,,,,,,,,,,,,,,,,,,,,,,,,
2025,1,2,2025-01-11,A,TENSAUR RUN 3.0 J,AB5-IE3549,SOC TRANG,IMEVA,14630,0,14630,1260,1171,89,89,7.06%,0.61%,,32,,,,,,,,,,,16,41,,,,,,,,,,,,,,,,,,,,,,,,,,,,,,
2025,1,2,2025-01-11,A,TENSAUR RUN 3.0 J,AB3-IE3542,SOC TRANG,IMEVA,4770,0,4770,1830,1719,111,111,6.07%,2.33%,,42,,,,11,,,,,,,,58,,,,,,,,,,,,,,,,,,,,,,,,,,,,,,
2025,1,2,2025-01-11,B,ADVANTAGE BASE 2.0 CF C,AB2-IE9019,TAESUNG RACH GIA,Outsole,,3431,3431,910,896,14,14,1.54%,0.41%,,,,,,,,,,,,7,,,,,,,,,,,,,,,,5,,,,2,,,,,,,,,,,,
2025,1,2,2025-01-11,A,ADVANTAGE K,AC-GY6995,TAESUNG RACH GIA,Outsole,,700,700,700,684,16,16,2.29%,2.29%,,,,,,,,,,3,,4,9,,,,,,,,,,,,,,,,,,,,,,,,,,,,,,,
2025,1,2,2025-01-11,C,GALAXY 7 M,AC3-ID8760,TAESUNG RACH GIA,Stockfit,,340,340,340,332,8,8,2.35%,2.35%,,1,,,,,,,,,,,,,,,,,4,,,,,,3,,,,,,,,,,,,,,,,,,,
2025,1,2,2025-01-11,C,GALAXY 7 M,AC2-ID8754,TAESUNG RACH GIA,Stockfit,630,2160,2790,2790,2735,55,55,1.97%,1.97%,,5,,9,,,,,,,,,,,,,,,29,,,,,,12,,,,,,,,,,,,,,,,,,,
2025,1,2,2025-01-11,C,GALAXY 7 M,AC3-ID8757,TAESUNG RACH GIA,Stockfit,,2520,2520,250,246,4,4,1.60%,0.16%,,,,,,,,,,,,,,,,,,,,,,,,,4,,,,,,,,,,,,,,,,,,,
2025,1,2,2025-01-11,C,ADVANTAGE BASE 2.0 CF C,AB4-IE9020,TAESUNG RACH GIA,Outsole,,183,183,183,145,38,38,20.77%,20.77%,,,,,,,,,,3,,16,7,,,,,12,,,,,,,,,,,,,,,,,,,,,,,,,,
2025,1,2,2025-01-11,C,VL COURT 3.0 EL C,AB4-ID9155,TAESUNG CU CHI,Outsole,,0,700,700,670,30,30,4.29%,4.29%,,,,,,,,,,,,30,,,,,,,,,,,,,,,,,,,,,,,,,,,,,,,,
2025,1,2,2025-01-11,C,TENSAUR SPORT 2.0 CF K,AC1-JR3219,HVC,Outsole,,,800,800,767,33,33,4.13%,4.13%,,,,,,,,,,,,33,,,,,,,,,,,,,,,,,,,,,,,,,,,,,,,,
2025,1,2,2025-01-11,D,TENSAUR SPORT 2.0 K,AB2-GW1981,TAESUNG CU CHI,Outsole,,1239,1239,1239,1207,32,32,2.58%,2.58%,,,,,,,,,,,,6,26,,,,,,,,,,,,,,,,,,,,,,,,,,,,,,,
2025,1,2,2025-01-11,D,ADVANTAGE,AB2-GZ5300,TAESUNG CU CHI,Outsole,642,355,997,642,622,20,20,3.12%,2.01%,,,,,,,,,,2,,11,7,,,,,,,,,,,,,,,,,,,,,,,,,,,,,,,
2025,1,2,2025-01-11,D,VS PACE 2.0,A-JI1812,TAESUNG RACH GIA,Stockfit,1356,0,1356,1356,1324,32,32,2.36%,2.36%,,,,,,,,,,6,,,11,,,,,,,,,,,,12,,,,,,,,,,,,,3,,,,,,
2025,1,2,2025-01-11,D,VS PACE 2.0,AB1-HP6012,TAESUNG RACH GIA,Stockfit,64,0,64,64,64,0,0,0.00%,0.00%,,,,,,,,,,,,,,,,,,,,,,,,,,,,,,,,,,,,,,,,,,,,
2025,1,2,2025-01-11,D,VL COURT 3.0,AB1-ID6278,EZ,Outsole,,0,1587,1587,1550,37,37,2.33%,2.33%,,,,,,,,,,,,37,,,,,,,,,,,,,,,,,,,,,,,,,,,,,,,,
2025,1,3,2025-01-13,D,ADVANTAGE,AB2-GW5537,TAESUNG CU CHI,Outsole,306,204,510,510,495,15,15,2.94%,2.94%,,,,,,,2,,,3,,3,,,,,,,,,,,,7,,,,,,,,,,,,,,,,,,,,
2025,1,3,2025-01-13,D,ADVANTAGE,AB1-GZ5303,TAESUNG CU CHI,Outsole,355,0,355,355,345,10,10,2.82%,2.82%,,,,,,,,,,1,,2,4,,,,,,,,,,,,,,,,,,3,,,,,,,,,,,,,
2025,1,3,2025-01-13,D,VL COURT 3.0,A-JR8653,EZ,Outsole,,1744,1744,1744,1712,32,32,1.83%,1.83%,,,,,,,,,,,,,,,,,,,,,,,,,,,,,32,,,,,,,,,,,,,,,
2025,1,3,2025-01-13,D,VL COURT 3.0,AB1-ID6278,EZ,Outsole,,3034,3034,3034,2947,87,87,2.87%,2.87%,,,,,,,,,,,,19,32,,,,,,,,,,,,,,,36,,,,,,,,,,,,,,,,
2025,1,3,2025-01-13,D,VL COURT 3.0,AB-ID9184,EZ,Outsole,,1129,1129,1129,1095,34,34,3.01%,3.01%,,,,,,,13,,,,,,,,,,,,,,,,,,,,,,6,,15,,,,,,,,,,,,,
2025,1,3,2025-01-13,B,ADVANTAGE BASE 2.0 CF C,AB2-IE9019,TAESUNG RACH GIA,Outsole,,1550,1550,510,502,8,8,1.57%,0.52%,,,,,,,,,,1,,3,,,,,,,,,,,,,,,,4,,,,,,,,,,,,,,,,
2025,1,3,2025-01-13,B,ADVANTAGE K,AC-GY6995,TAESUNG RACH GIA,Outsole,,83,83,83,82,1,1,1.20%,1.20%,,,,,,,,,,,,1,,,,,,,,,,,,,,,,,,,,,,,,,,,,,,,,
2025,1,3,2025-01-13,A,TENSAUR SPORT 2.0 CF I,AB-GW6455,HVC,Outsole,,5556,5556,560,551,9,9,1.61%,0.16%,Pass,,,,,,7,,,2,,,,,,,,,,,,,,,,,,,,,,,,,,,,,,,,,,
2025,1,3,2025-01-13,A,TENSAUR SPORT 2.0 CF I,AB-IF1734,HVC,Outsole,,100,100,10,10,0,0,0.00%,0.00%,Pass,,,,,,,,,,,,,,,,,,,,,,,,,,,,,,,,,,,,,,,,,,,
2025,1,3,2025-01-13,A,LITE RACER ADAPT 7.0 I,A1-IE6400,HVC,Outsole,,765,765,80,80,0,0,0.00%,0.00%,Pass,,,,,,,,,,,,,,,,,,,,,,,,,,,,,,,,,,,,,,,,,,,
2025,1,3,2025-01-13,A,VL COURT 3.0 K,AB2-ID6312,TAESUNG RACH GIA,Outsole,,2241,2241,2241,2192,49,49,2.19%,2.19%,,,,,,,,,,,,49,,,,,,,,,,,,,,,,,,,,,,,,,,,,,,,,
2025,1,3,2025-01-13,A,VL COURT 3.0 K,AB2-IE3630,TAESUNG RACH GIA,Outsole,,1660,1660,1660,1629,31,31,1.87%,1.87%,,,,,,,,,,,,31,,,,,,,,,,,,,,,,,,,,,,,,,,,,,,,,
2025,1,3,2025-01-13,A,LIGHTSHIFT,A-JH9326,EZ,Stockfit,,370,370,370,358,12,12,3.24%,3.24%,,,,,,,,,,,,,9,,,,,,3,,,,,,,,,,,,,,,,,,,,,,,,,
2025,1,3,2025-01-13,A,LIGHTSHIFT,A-JH9317,EZ,Stockfit,,1614,1614,1614,1566,48,48,2.97%,2.97%,,,,4,,,,,,8,,,27,,,,,,9,,,,,,,,,,,,,,,,,,,,,,,,,
2025,1,3,2025-01-13,A,LIGHTSHIFT,A-JH9324,EZ,Stockfit,,1426,1426,1426,1374,52,52,3.65%,3.65%,,18,,,,,,,,11,,,23,,,,,,,,,,,,,,,,,,,,,,,,,,,,,,,
2025,1,3,2025-01-13,A,LIGHTSHIFT,A-JH9315,EZ,Stockfit,880,1773,2653,1653,1605,48,48,2.90%,1.81%,,,,5,,,13,,,9,,,,,,,,,,,,,,,21,,,,,,,,,,,,,,,,,,,
2025,1,3,2025-01-13,A,LIGHTSHIFT,A-JH9319,EZ,Outsole,650,70,720,720,705,15,15,2.08%,2.08%,,,,,,,5,,,7,,,,,,,,,3,,,,,,,,,,,,,,,,,,,,,,,,,
2025,1,3,2025-01-13,A,TENSAUR RUN 3.0 J,A-JR6043,SOC TRANG,IMEVA,13550,320,13870,1410,1242,168,168,11.91%,1.21%,,48,,,,23,,,,,,,,97,,,,,,,,,,,,,,,,,,,,,,,,,,,,,,
2025,1,3,2025-01-13,A,TENSAUR RUN 3.0 J,A-JR6044,SOC TRANG,IMEVA,,3688,3688,1980,1819,161,161,8.13%,4.37%,,36,,,,15,,,,29,,,,81,,,,,,,,,,,,,,,,,,,,,,,,,,,,,,
2025,1,3,2025-01-13,C,GALAXY 7 W,AC3-ID8764,TAESUNG RACH GIA,Stockfit,713,997,1710,1710,1685,25,25,1.46%,1.46%,,3,,7,,,,,,,,,,,,,,,15,,,,,,,,,,,,,,,,,,,,,,,,,
2025,1,3,2025-01-13,C,GALAXY 7 M,AC2-ID8754,TAESUNG RACH GIA,Stockfit,,1870,1870,1020,1001,19,19,1.86%,1.02%,,,,,,,,,,,,,,,,,,,,,12,,,,7,,,,,,,,,,,,,,,,,,,
2025,1,3,2025-01-13,C,TENSAUR COMFORT AC J,A-JR6087,SOC TRANG,IMEVA,,2735,2735,1470,1425,45,45,3.06%,1.65%,,18,,,,,,,,,,,15,12,,,,,,,,,,,,,,,,,,,,,,,,,,,,,,
2025,1,3,2025-01-13,C,GALAXY 7 M,A-JI4598,EZ,Stockfit,,4550,4550,580,565,15,15,2.59%,0.33%,,1,,,,,,,,,,,,,,,,,7,,,,,,7,,,,,,,,,,,,,,,,,,,
2025,1,3,2025-01-13,C,VL COURT 3.0 EL C,AB4-ID9155,TAESUNG CU CHI,Outsole,,0,1000,1000,978,22,22,2.20%,2.20%,,,,,,,,,,,,22,,,,,,,,,,,,,,,,,,,,,,,,,,,,,,,,
2025,1,3,2025-01-13,C,TENSAUR SPORT 2.0 CF K,AC1-JR3219,HVC,Outsole,,4094,4094,1245,1207,38,38,3.05%,0.93%,,,,,,,,,,,,38,,,,,,,,,,,,,,,,,,,,,,,,,,,,,,,,
2025,1,3,2025-01-14,D,ADVANTAGE,AB2-ID9630,TAESUNG CU CHI,Outsole,,403,403,403,391,12,12,2.98%,2.98%,,,,,,,,,,1,,3,4,,,,,,,,,,,,,,,,,,4,,,,,,,,,,,,,
2025,1,3,2025-01-14,D,GRAND COURT 2.0,AB1-GW9199,TAESUNG RACH GIA,Outsole,,0,780,780,754,26,26,3.33%,3.33%,,,,,,,,,,,,9,12,,,,,,,,,,,,,,,5,,,,,,,,,,,,,,,,
2025,1,3,2025-01-14,D,VL COURT 3.0,AB1-ID6276,EZ,Outsole,,0,2640,2640,2588,52,52,1.97%,1.97%,,,,,,,,,,,,24,12,,,,,,,,,,,,,,,16,,,,,,,,,,,,,,,,
2025,1,3,2025-01-14,D,VL COURT 3.0,A1-JP7535,EZ,Outsole,,0,1589,1589,1542,47,47,2.96%,2.96%,,,,,,,8,,,,,,,,,,,,,,,,,,,,,23,16,,,,,,,,,,,,,,,
2025,1,3,2025-01-14,B,ADVANTAGE BASE 2.0 CF C,AB-IE9019,TAESUNG RACH GIA,Outsole,1950,0,1950,950,933,17,17,1.79%,0.87%,,,,,,,,,,,,17,,,,,,,,,,,,,,,,,,,,,,,,,,,,,,,,
2025,1,3,2025-01-14,B,ADVANTAGE K,AC-GY6995,TAESUNG RACH GIA,Outsole,,2565,2565,730,715,15,15,2.05%,0.58%,,,,,,,,,,,,15,,,,,,,,,,,,,,,,,,,,,,,,,,,,,,,,
2025,1,3,2025-01-14,A,LIGHTSHIFT,AC1-JH9324,EZ,Stockfit,1980,360,2340,2340,2279,61,61,2.61%,2.61%,,,,12,,,,,,18,,,,,,,,,,,,,,,31,,,,,,,,,,,,,,,,,,,
2025,1,3,2025-01-14,A,LIGHTSHIFT,AC1-JH9319,EZ,Stockfit,1880,903,2783,2783,2716,67,67,2.41%,2.41%,,,,,,,,,,26,,,,,,,,,14,,,,,,27,,,,,,,,,,,,,,,,,,,
2025,1,3,2025-01-14,A,LIGHTSHIFT,A-JH9326,EZ,Stockfit,,770,770,770,740,30,30,3.90%,3.90%,,,,,,,,,,7,,,18,,,,,,5,,,,,,,,,,,,,,,,,,,,,,,,,
2025,1,3,2025-01-14,A,LIGHTSHIFT,A-JH9317,EZ,Stockfit,,2040,2040,2040,1989,51,51,2.50%,2.50%,,19,,,,,,,,,,,32,,,,,,,,,,,,,,,,,,,,,,,,,,,,,,,
2025,1,3,2025-01-14,A,TENSAUR RUN 3.0 J,A-JR6044,SOC TRANG,IMEVA,12460,199,12659,2410,2224,186,186,7.72%,1.47%,,51,,,,,5,,,32,,,,98,,,,,,,,,,,,,,,,,,,,,,,,,,,,,,
2025,1,3,2025-01-14,A,TENSAUR RUN 3.0 J,A-JR6043,SOC TRANG,IMEVA,1708,0,1708,1708,1546,162,162,9.48%,9.48%,,35,,,,21,19,,,,,,,87,,,,,,,,,,,,,,,,,,,,,,,,,,,,,,
2025,1,3,2025-01-14,A,VL COURT 3.0 K,AB2-IE3630,TAESUNG RACH GIA,Outsole,,740,740,740,721,19,19,2.57%,2.57%,,,,,,,,,,,,19,,,,,,,,,,,,,,,,,,,,,,,,,,,,,,,,
2025,1,3,2025-01-14,A,VL COURT 3.0 K,AB2-ID6312,TAESUNG RACH GIA,Outsole,,1718,1718,1718,1690,28,28,1.63%,1.63%,,,,,,,,,,,,28,,,,,,,,,,,,,,,,,,,,,,,,,,,,,,,,
2025,1,3,2025-01-14,C,TENSAUR COMFORT AC J,A-JR6087,SOC TRANG,IMEVA,207,493,700,700,688,12,12,1.71%,1.71%,,3,,,,,,,,,,,4,5,,,,,,,,,,,,,,,,,,,,,,,,,,,,,,
2025,1,3,2025-01-14,C,GALAXY 7 M,AC2-ID8754,TAESUNG RACH GIA,Stockfit,,3337,3337,1860,1824,36,36,1.94%,1.08%,,,,,,,,,,3,,,,,,,,,21,,5,,,,7,,,,,,,,,,,,,,,,,,,
2025,1,3,2025-01-14,C,GALAXY 7 W,AC3-ID8764,TAESUNG RACH GIA,Stockfit,,0,980,980,961,19,19,1.94%,1.94%,,,,6,,,,,,1,,,,,,,,,,,4,,,,8,,,,,,,,,,,,,,,,,,,
2025,1,3,2025-01-14,C,GALAXY 7 M,A-JI4601,EZ,Stockfit,,190,190,190,186,4,4,2.11%,2.11%,,,,,,,,,,,,,,,,,,,2,,,,,,2,,,,,,,,,,,,,,,,,,,
2025,1,3,2025-01-14,C,GALAXY 7 W,A-JQ2608,EZ,Stockfit,,526,526,220,216,4,4,1.82%,0.76%,,,,,,,,,,,,,,,,,,,2,,,,,,2,,,,,,,,,,,,,,,,,,,
2025,1,3,2025-01-14,C,GALAXY 7 M,AC3-ID8760,TAESUNG RACH GIA,Stockfit,,180,180,180,174,6,6,3.33%,3.33%,,,,,,,,,,1,,,,,,,,,3,,,,,,2,,,,,,,,,,,,,,,,,,,
2025,1,3,2025-01-14,C,GRAND COURT 2.0 EL C,AC2-IH5529,TAESUNG RACH GIA,Outsole,,460,460,460,415,45,45,9.78%,9.78%,,,,,,,,,,5,,33,,,,,,7,,,,,,,,,,,,,,,,,,,,,,,,,,
2025,1,3,2025-01-14,C,VL COURT 3.0 EL C,AB4-ID9155,TAESUNG CU CHI,Outsole,,0,1000,1000,987,13,13,1.30%,1.30%,,,,,,,,,,,,13,,,,,,,,,,,,,,,,,,,,,,,,,,,,,,,,
2025,1,3,2025-01-14,C,TENSAUR SPORT 2.0 CF K,AC1-JR3219,HVC,Outsole,,0,950,950,944,6,6,0.63%,0.63%,,,,,,,,,,,,6,,,,,,,,,,,,,,,,,,,,,,,,,,,,,,,,
2025,1,3,2025-01-14,C,GALAXY 7 W,A-JQ2605,EZ,Stockfit,,718,718,210,206,4,4,1.90%,0.56%,,,,,,,,,,1,,,,,,,,,,,,,,,3,,,,,,,,,,,,,,,,,,,
2025,1,3,2025-01-15,D,GRAND COURT 2.0,AB1-GW9199,TAESUNG RACH GIA,Outsole,,0,2260,2260,2218,42,42,1.86%,1.86%,,,,,,,,,,,,42,,,,,,,,,,,,,,,,,,,,,,,,,,,,,,,,
2025,1,3,2025-01-15,D,VL COURT 3.0,AB1-ID6276,EZ,Outsole,,0,850,850,823,27,27,3.18%,3.18%,,,,,,,,,,7,,20,,,,,,,,,,,,,,,,,,,,,,,,,,,,,,,,
2025,1,3,2025-01-15,D,VL COURT 3.0,AB1-ID9184,EZ,Outsole,,0,1252,1252,1218,34,34,2.72%,2.72%,,,,,,,23,,,,,,,,,,,,,,,,,,,,,,11,,,,,,,,,,,,,,,
2025,1,3,2025-01-15,D,VL COURT 3.0,A-JP7536,EZ,Outsole,,0,1070,1070,1048,22,22,2.06%,2.06%,,,,,,,,,,,,,,,,,,,,,,,,,,,,,22,,,,,,,,,,,,,,,
2025,1,3,2025-01-15,C,GALAXY 7 W,AC2-ID8766,TAESUNG RACH GIA,Stockfit,,1831,1831,1170,1155,15,15,1.28%,0.82%,,,,,,,,,,,,,,,,,,,8,,,,,,7,,,,,,,,,,,,,,,,,,,
2025,1,3,2025-01-15,C,GALAXY 7 W,A-JQ2605,EZ,Stockfit,501,159,660,660,655,5,5,0.76%,0.76%,,,,,,,2,,,,,,3,,,,,,,,,,,,,,,,,,,,,,,,,,,,,,,
2025,1,3,2025-01-15,C,GALAXY 7 M,A-JI4598,EZ,Stockfit,,0,3170,3170,3135,35,35,1.10%,1.10%,,,,8,,,,,,,,,,,,,,,19,,,,,,8,,,,,,,,,,,,,,,,,,,
2025,1,3,2025-01-15,C,GALAXY 7 M,A-JI4601,EZ,Stockfit,,0,350,350,343,7,7,2.00%,2.00%,,,,,,,,,,,,,,,,,,,,,4,,,,3,,,,,,,,,,,,,,,,,,,
2025,1,3,2025-01-15,A,TENSAUR SPORT 2.0 CF I,A-JQ2876,HVC,Outsole,,1326,1326,140,137,3,3,2.14%,0.23%,Pass,,,,,,,,,,,,3,,,,,,,,,,,,,,,,,,,,,,,,,,,,,,,
2025,1,3,2025-01-15,A,ASPYRE,A1-JI2121,TAESUNG RACH GIA,Stockfit,,282,282,30,30,0,0,0.00%,0.00%,Pass,,,,,,,,,,,,,,,,,,,,,,,,,,,,,,,,,,,,,,,,,,,
2025,1,3,2025-01-15,C,GALAXY 7 W,A-JQ2607,EZ,Stockfit,,278,278,278,275,3,3,1.08%,1.08%,,,,,,,,,,,,,,,,,,,,,2,,,,1,,,,,,,,,,,,,,,,,,,
2025,1,3,2025-01-15,A,ASPYRE,A-JI2119,TAESUNG RACH GIA,Stockfit,,107,107,20,20,0,0,0.00%,0.00%,Pass,,,,,,,,,,,,,,,,,,,,,,,,,,,,,,,,,,,,,,,,,,,
2025,1,3,2025-01-15,C,ADVANTAGE BASE 2.0 CF C,AB4-IE9020,TAESUNG RACH GIA,Outsole,,690,690,690,532,158,158,22.90%,22.90%,,,,,,,,,,5,,128,10,,,,,15,,,,,,,,,,,,,,,,,,,,,,,,,,
2025,1,3,2025-01-15,A,VL COURT 3.0 K,AB2-ID9062,TAESUNG RACH GIA,Outsole,740,395,1135,1135,1096,39,39,3.44%,3.44%,,,,,,,,,,,,39,,,,,,,,,,,,,,,,,,,,,,,,,,,,,,,,
2025,1,3,2025-01-15,C,VL COURT 3.0 EL C,AB4-ID9155,TAESUNG CU CHI,Outsole,,0,400,400,378,22,22,5.50%,5.50%,,,,,,,,,,,,22,,,,,,,,,,,,,,,,,,,,,,,,,,,,,,,,
2025,1,3,2025-01-15,A,VL COURT 3.0 K,AB2-ID6312,TAESUNG RACH GIA,Outsole,,896,896,896,875,21,21,2.34%,2.34%,,,,,,,,,,,,21,,,,,,,,,,,,,,,,,,,,,,,,,,,,,,,,
2025,1,3,2025-01-15,A,VL COURT 3.0 K,A1-JH8723,TAESUNG RACH GIA,Outsole,,108,108,108,108,0,0,0.00%,0.00%,,,,,,,,,,,,,,,,,,,,,,,,,,,,,,,,,,,,,,,,,,,,
2025,1,3,2025-01-15,C,TENSAUR SPORT 2.0 CF K,AC1-JR3219,HVC,Outsole,,0,300,300,294,6,6,2.00%,2.00%,,,,,,,,,,,,6,,,,,,,,,,,,,,,,,,,,,,,,,,,,,,,,
2025,1,3,2025-01-15,A,TENSAUR RUN 3.0 J,AB3-IE3542,SOC TRANG,IMEVA,490,0,1011,1011,927,84,84,8.31%,8.31%,,31,,,,11,,,,,,,,42,,,,,,,,,,,,,,,,,,,,,,,,,,,,,,
2025,1,3,2025-01-15,A,TENSAUR RUN 3.0 J,AB4-IE3544,SOC TRANG,IMEVA,11510,0,12011,2050,1891,159,159,7.76%,1.32%,,,,,,,,,,13,,,49,97,,,,,,,,,,,,,,,,,,,,,,,,,,,,,,
2025,1,3,2025-01-15,C,TENSAUR SPORT 2.0 CF K,AC4-IE0922,HVC,Outsole,,1106,1106,110,108,2,2,1.82%,0.18%,Pass,,,,,,2,,,,,,,,,,,,,,,,,,,,,,,,,,,,,,,,,,,,,
2025,1,3,2025-01-15,A,LIGHTSHIFT,A-JH9315,EZ,Stockfit,,1072,1072,1072,1037,35,35,3.26%,3.26%,,,,,,,,,,11,,,,,,,,,6,,,,,,18,,,,,,,,,,,,,,,,,,,
2025,1,3,2025-01-15,A,LIGHTSHIFT,AC1-JH9319,EZ,Stockfit,2750,825,3575,1970,1914,56,56,2.84%,1.57%,,24,,7,,,9,,,16,,,,,,,,,,,,,,,,,,,,,,,,,,,,,,,,,,
2025,1,3,2025-01-15,A,LIGHTSHIFT,AC1-JH9324,EZ,Stockfit,1270,670,1940,1540,1509,31,31,2.01%,1.60%,,,,5,,,,,,,,,,,,,,,11,,,,,,15,,,,,,,,,,,,,,,,,,,
2025,1,3,2025-01-15,B,ADVANTAGE BASE 2.0 CF C,AB-IE9019,TAESUNG RACH GIA,Outsole,,1649,1649,1649,1612,37,37,2.24%,2.24%,,,,,,,,,,,,37,,,,,,,,,,,,,,,,,,,,,,,,,,,,,,,,
2025,1,3,2025-01-15,A,TENSAUR SPORT 2.0 CF K,AC-GW6440,TAESUNG CU CHI,Outsole,,328,328,40,40,0,0,0.00%,0.00%,Pass,,,,,,,,,,,,,,,,,,,,,,,,,,,,,,,,,,,,,,,,,,,
2025,1,3,2025-01-16,D,ADVANTAGE,AB2-ID9630,TAESUNG CU CHI,Outsole,248,329,577,220,212,8,8,3.64%,1.39%,,,,,,,,,,,,2,4,,,,,,,,,,,,,,,2,,,,,,,,,,,,,,,,
2025,1,3,2025-01-16,D,ADVANTAGE,AB-GW4850,TAESUNG CU CHI,Outsole,80,28,108,108,106,2,2,1.85%,1.85%,,,,,,,,,,,,,,,,,,,,,,,,,,,,,,,2,,,,,,,,,,,,,
2025,1,3,2025-01-16,D,VL COURT 3.0,A-JP7536,EZ,Outsole,,0,1090,1090,1054,36,36,3.30%,3.30%,,,,,,,,,,,,,,,,,,,,,,,,,,,,,36,,,,,,,,,,,,,,,
2025,1,3,2025-01-16,D,VL COURT 3.0,AB1-ID6276,EZ,Outsole,,0,1150,1150,1121,29,29,2.52%,2.52%,,,,,,,6,,,,,23,,,,,,,,,,,,,,,,,,,,,,,,,,,,,,,,
2025,1,3,2025-01-16,D,GRAND COURT 2.0,AB1-GW9199,TAESUNG RACH GIA,Outsole,,0,2256,2256,2208,48,48,2.13%,2.13%,,,,,,,,,,,,48,,,,,,,,,,,,,,,,,,,,,,,,,,,,,,,,
2025,1,3,2025-01-16,B,ADVANTAGE BASE 2.0 CF C,AB-IE9019,TAESUNG RACH GIA,Outsole,,950,950,950,925,25,25,2.63%,2.63%,,,,,,,,,,,,25,,,,,,,,,,,,,,,,,,,,,,,,,,,,,,,,
2025,1,3,2025-01-16,B,TENSAUR SPORT 2.0 CF K,AB4-GW6425,TAESUNG CU CHI,Outsole,,1938,1938,200,195,5,5,2.50%,0.26%,Pass,,,,,,,,,,,2,3,,,,,,,,,,,,,,,,,,,,,,,,,,,,,,,
2025,1,3,2025-01-16,A,TENSAUR SPORT 2.0 CF I,AB-GW6456,HVC,Outsole,,289,289,30,30,0,0,0.00%,0.00%,Pass,,,,,,,,,,,,,,,,,,,,,,,,,,,,,,,,,,,,,,,,,,,
2025,1,3,2025-01-16,A,VL COURT 3.0 K,AB2-ID9062,TAESUNG RACH GIA,Outsole,460,517,977,977,946,31,31,3.17%,3.17%,,,,,,,,,,,,31,,,,,,,,,,,,,,,,,,,,,,,,,,,,,,,,
2025,1,3,2025-01-16,A,VL COURT 3.0 K,A1-JH8723,TAESUNG RACH GIA,Outsole,,110,110,110,107,3,3,2.73%,2.73%,,,,,,,,,,,,3,,,,,,,,,,,,,,,,,,,,,,,,,,,,,,,,
2025,1,3,2025-01-16,A,VL COURT 3.0 K,AB2-ID6312,TAESUNG RACH GIA,Outsole,790,1220,2010,2010,1963,47,47,2.34%,2.34%,,,,,,,,,,,,47,,,,,,,,,,,,,,,,,,,,,,,,,,,,,,,,
2025,1,3,2025-01-16,A,LIGHTSHIFT,A-JH9326,EZ,Stockfit,620,0,620,620,599,21,21,3.39%,3.39%,,,,,,,,,,,,,9,,,,,,7,,,,,,5,,,,,,,,,,,,,,,,,,,
2025,1,3,2025-01-16,A,LIGHTSHIFT,AC1-JH9313,EZ,Stockfit,,1568,1568,1568,1524,44,44,2.81%,2.81%,,12,,8,,,,,,,,,24,,,,,,,,,,,,,,,,,,,,,,,,,,,,,,,
2025,1,3,2025-01-16,A,LIGHTSHIFT,AC1-JH9324,EZ,Stockfit,890,420,1310,1310,1268,42,42,3.21%,3.21%,,21,,,,,,,,13,,,,,,,,,8,,,,,,,,,,,,,,,,,,,,,,,,,
2025,1,3,2025-01-16,A,LIGHTSHIFT,AC1-JH9319,EZ,Stockfit,1605,692,2297,2297,2238,59,59,2.57%,2.57%,,24,,16,,,,,,,,,,,,,,,19,,,,,,,,,,,,,,,,,,,,,,,,,
2025,1,3,2025-01-16,A,TENSAUR RUN 3.0 J,AB5-IE3545,SOC TRANG,IMEVA,10990,0,11984,1930,1760,170,170,8.81%,1.42%,,43,,,,8,11,,,,,,23,85,,,,,,,,,,,,,,,,,,,,,,,,,,,,,,
2025,1,3,2025-01-16,A,TENSAUR RUN 3.0 J,AB3-IE3542,SOC TRANG,IMEVA,0,0,513,513,486,27,27,5.26%,5.26%,,9,,,,,,,,7,,,,11,,,,,,,,,,,,,,,,,,,,,,,,,,,,,,
2025,1,3,2025-01-16,C,GALAXY 7 M,A-JI4598,EZ,Stockfit,,170,1510,1510,1485,25,25,1.66%,1.66%,,,,,,,,,,,,,,,,,,,,,15,,,3,7,,,,,,,,,,,,,,,,,,,
2025,1,3,2025-01-16,C,GALAXY 7 W,AB-ID8763,TAESUNG RACH GIA,Stockfit,,289,1620,1620,1592,28,28,1.73%,1.73%,,3,,6,,,,,,,,,,,,,,,11,,,,,,8,,,,,,,,,,,,,,,,,,,
2025,1,3,2025-01-16,C,GALAXY 7 M,A-JI4597,EZ,Stockfit,,650,650,650,640,10,10,1.54%,1.54%,,,,4,,,,,,,,,,,,,,,4,,,,,,2,,,,,,,,,,,,,,,,,,,
2025,1,3,2025-01-16,C,GALAXY 7 M,A-JI4601,EZ,Stockfit,,590,590,590,582,8,8,1.36%,1.36%,,,,,,,,,,2,,,,,,,,,6,,,,,,,,,,,,,,,,,,,,,,,,,
2025,1,3,2025-01-16,C,TENSAUR SPORT 2.0 CF K,AC1-JR3219,HVC,Outsole,,0,900,900,891,9,9,1.00%,1.00%,,,,,,,,,,,,9,,,,,,,,,,,,,,,,,,,,,,,,,,,,,,,,
2025,1,3,2025-01-17,D,TENSAUR SPORT 2.0 K,AB2-GW1981,TAESUNG CU CHI,Outsole,2203,228,2431,2431,2356,75,75,3.09%,3.09%,,,,,,,17,,,,,13,,,,,,,,,,,,,,,,,,,45,,,,,,,,,,,,,
2025,1,3,2025-01-17,D,ADVANTAGE,AB-ID9630,TAESUNG CU CHI,Outsole,357,297,654,357,349,8,8,2.24%,1.22%,,,,,,,,,,,,2,6,,,,,,,,,,,,,,,,,,,,,,,,,,,,,,,
2025,1,3,2025-01-17,D,VL COURT 3.0,A-JP7536,EZ,Outsole,,0,530,530,514,16,16,3.02%,3.02%,,,,,,,,,,,,,,,,,,,,,,,,,,,,,16,,,,,,,,,,,,,,,
2025,1,3,2025-01-17,D,VL COURT 3.0,AB-ID9184,EZ,Outsole,,0,340,340,329,11,11,3.24%,3.24%,,,,,,,,,,3,,8,,,,,,,,,,,,,,,,,,,,,,,,,,,,,,,,
2025,1,3,2025-01-17,D,GRAND COURT 2.0,AB-GW9199,TAESUNG RACH GIA,Outsole,,0,1910,1910,1880,30,30,1.57%,1.57%,,,,,,,,,,,,30,,,,,,,,,,,,,,,,,,,,,,,,,,,,,,,,
2025,1,3,2025-01-17,D,TENSAUR SPORT 2.0 K,AB2-GW6439,TAESUNG RACH GIA,Outsole,927,0,927,927,891,36,36,3.88%,3.88%,,,,,,,13,,,,,,,,,,,,,,,,,,,,,17,6,,,,,,,,,,,,,,,
2025,1,3,2025-01-17,A,VL COURT 3.0 K,AB2-ID9062,TAESUNG RACH GIA,Outsole,,1127,1127,1127,1098,29,29,2.57%,2.57%,,,,,,,,,,,,29,,,,,,,,,,,,,,,,,,,,,,,,,,,,,,,,
2025,1,3,2025-01-17,A,VL COURT 3.0 K,AB1-IH2406,TAESUNG RACH GIA,Outsole,,2125,2125,2125,2089,36,36,1.69%,1.69%,,,,,,,,,,,,36,,,,,,,,,,,,,,,,,,,,,,,,,,,,,,,,
2025,1,3,2025-01-17,A,TENSAUR RUN 3.0 J,AB3-IE3542,SOC TRANG,IMEVA,3170,0,3197,1210,1154,56,56,4.63%,1.75%,,23,,,,,,,,6,,,,27,,,,,,,,,,,,,,,,,,,,,,,,,,,,,,
2025,1,3,2025-01-17,A,TENSAUR RUN 3.0 J,AB4-IE3544,SOC TRANG,IMEVA,10950,0,11025,1675,1608,67,67,4.00%,0.61%,,,,,,,,,,17,,,19,31,,,,,,,,,,,,,,,,,,,,,,,,,,,,,,
2025,1,3,2025-01-17,A,LIGHTSHIFT,AC1-JH9315,EZ,Stockfit,730,605,1335,1335,1308,27,27,2.02%,2.02%,,,,2,,,,,,4,,,18,,,,,,3,,,,,,,,,,,,,,,,,,,,,,,,,
2025,1,3,2025-01-17,A,LIGHTSHIFT,AC1-JH9324,EZ,Stockfit,,600,600,600,588,12,12,2.00%,2.00%,,,,,,,,,,,,,8,,,,,,,,,,,,4,,,,,,,,,,,,,,,,,,,
2025,1,3,2025-01-17,A,LIGHTSHIFT,A-JH9308,EZ,Stockfit,,2970,2970,530,515,15,15,2.83%,0.51%,,,,,,,5,,,3,,,,,,,,,7,,,,,,,,,,,,,,,,,,,,,,,,,
2025,1,3,2025-01-17,A,LIGHTSHIFT,AC1-JH9319,EZ,Stockfit,,754,754,754,736,18,18,2.39%,2.39%,,4,,2,,,1,,,6,,,,,,,,,,,,,,,5,,,,,,,,,,,,,,,,,,,
2025,1,3,2025-01-17,B,ADVANTAGE BASE 2.0 CF C,AB2-IE9019,TAESUNG RACH GIA,Outsole,,3978,3978,1900,1869,31,31,1.63%,0.78%,,,,,,,,,,,,31,,,,,,,,,,,,,,,,,,,,,,,,,,,,,,,,
2025,1,3,2025-01-17,C,GALAXY 7 M,AC3-ID8757,TAESUNG RACH GIA,Stockfit,,0,2527,2527,2481,46,46,1.82%,1.82%,,3,,9,,,,,,2,,,,,,,,,32,,,,,,,,,,,,,,,,,,,,,,,,,
2025,1,3,2025-01-17,C,GALAXY 7 W,AC3-ID8763,TAESUNG RACH GIA,Stockfit,,3310,3310,270,267,3,3,1.11%,0.09%,,,,,,,,,,,,,,,,,,,2,,,,,,1,,,,,,,,,,,,,,,,,,,
2025,1,3,2025-01-17,C,GALAXY 7 M,AC3-ID8760,TAESUNG RACH GIA,Stockfit,,610,610,610,596,14,14,2.30%,2.30%,,,,,,,,,,1,,,,,,,,,9,,,,,,4,,,,,,,,,,,,,,,,,,,
2025,1,3,2025-01-17,C,GALAXY 7 W,A-JQ2608,EZ,Stockfit,,618,618,400,394,6,6,1.50%,0.97%,,,,,,,,,,2,,,,,,,,,,,,,,,4,,,,,,,,,,,,,,,,,,,
2025,1,3,2025-01-17,C,GALAXY 7 W,A-JR4945,EZ,Stockfit,,350,350,350,348,2,2,0.57%,0.57%,,,,,,,,,,,,,,,,,,,2,,,,,,,,,,,,,,,,,,,,,,,,,
2025,1,3,2025-01-17,C,GALAXY 7 M,A-JI4598,EZ,Stockfit,,1110,1110,160,157,3,3,1.88%,0.27%,,,,,,,,,,,,,,,,,,,2,,,,,,1,,,,,,,,,,,,,,,,,,,
2025,1,3,2025-01-17,C,GALAXY 7 M,A-JI4601,EZ,Stockfit,,914,914,850,834,16,16,1.88%,1.75%,,,,,,,,,,2,,,,,,,,,11,,,,,3,,,,,,,,,,,,,,,,,,,,
2025,1,3,2025-01-17,C,TENSAUR SPORT 2.0 CF K,AC10-GW1981,HVC,Outsole,,4939,4939,1320,1308,12,12,0.91%,0.24%,,,,,,,,,,,,12,,,,,,,,,,,,,,,,,,,,,,,,,,,,,,,,
2025,1,3,2025-01-18,D,ADVANTAGE,AB1-ID9630,TAESUNG CU CHI,Outsole,297,241,538,297,289,8,8,2.69%,1.49%,,,,,,,,,,2,,3,3,,,,,,,,,,,,,,,,,,,,,,,,,,,,,,,
2025,1,3,2025-01-18,D,VL COURT 3.0,AB1-ID6276,EZ,Outsole,,0,1620,1620,1578,42,42,2.59%,2.59%,,,,,,,,,,,,12,9,,,,,,,,,,,,,,,21,,,,,,,,,,,,,,,,
2025,1,3,2025-01-18,D,VL COURT 3.0,A-JR8653,EZ,Outsole,,0,650,650,635,15,15,2.31%,2.31%,,,,,,,,,,,,15,,,,,,,,,,,,,,,,,,,,,,,,,,,,,,,,
2025,1,3,2025-01-18,D,GRAND COURT 2.0,AB1-GW9199,TAESUNG RACH GIA,Outsole,,0,1379,1379,1332,47,47,3.41%,3.41%,,,,,,,,,,,,47,,,,,,,,,,,,,,,,,,,,,,,,,,,,,,,,
2025,1,3,2025-01-18,D,TENSAUR SPORT 2.0 K,AB2-GW6439,TAESUNG RACH GIA,Outsole,,0,976,976,947,29,29,2.97%,2.97%,,,,,,,,,,,,10,,,,,,,,,,,,,,,,19,,,,,,,,,,,,,,,,
2025,1,3,2025-01-18,B,ADVANTAGE BASE 2.0 CF C,AB2-IE9019,TAESUNG RACH GIA,Outsole,,1880,1880,1880,1843,37,37,1.97%,1.97%,,,,,,,,,,,,37,,,,,,,,,,,,,,,,,,,,,,,,,,,,,,,,
2025,1,3,2025-01-18,A,TENSAUR RUN 3.0 J,A-JR6044,SOC TRANG,IMEVA,9780,0,9855,1320,1258,62,62,4.70%,0.63%,,,,,,,,,,9,,,21,32,,,,,,,,,,,,,,,,,,,,,,,,,,,,,,
2025,1,3,2025-01-18,A,TENSAUR RUN 3.0 J,AB3-IE3542,SOC TRANG,IMEVA,1050,0,1077,1077,1034,43,43,3.99%,3.99%,,11,,,,7,,,,,,,,25,,,,,,,,,,,,,,,,,,,,,,,,,,,,,,
2025,1,3,2025-01-18,A,VL COURT 3.0 K,AB2-IE3630,TAESUNG RACH GIA,Outsole,,400,400,400,393,7,7,1.75%,1.75%,,,,,,,,,,,,7,,,,,,,,,,,,,,,,,,,,,,,,,,,,,,,,
2025,1,3,2025-01-18,A,VL COURT 3.0 K,AB2-ID6312,TAESUNG RACH GIA,Outsole,,731,731,731,715,16,16,2.19%,2.19%,,,,,,,,,,,,16,,,,,,,,,,,,,,,,,,,,,,,,,,,,,,,,
2025,1,3,2025-01-18,A,LIGHTSHIFT,AC1-JH9313,EZ,Stockfit,,2422,2422,2422,2370,52,52,2.15%,2.15%,,,,,,,14,,,17,,,,,,,,,,,,,,,21,,,,,,,,,,,,,,,,,,,
2025,1,3,2025-01-18,A,LIGHTSHIFT,A-JH9308,EZ,Stockfit,1037,138,1175,1175,1134,41,41,3.49%,3.49%,,,,3,,,,,,14,,,19,,,,,,5,,,,,,,,,,,,,,,,,,,,,,,,,
2025,1,3,2025-01-18,A,LIGHTSHIFT,AC1-JH9324,EZ,Stockfit,750,597,1347,1347,1311,36,36,2.67%,2.67%,,,,2,,,,,,10,,,21,,,,,,3,,,,,,,,,,,,,,,,,,,,,,,,,
2025,1,3,2025-01-18,A,LIGHTSHIFT,AC1-JH9319,EZ,Stockfit,,1000,1000,1000,985,15,15,1.50%,1.50%,,,,2,,,,,,,,,,,,,,,5,,,,,,8,,,,,,,,,,,,,,,,,,,
2025,1,3,2025-01-18,C,GALAXY 7 W,AC3-ID8763,TAESUNG RACH GIA,Stockfit,,2207,2207,2120,2085,35,35,1.65%,1.59%,,4,,,,,,,,,,,,,,,,,22,,,,,,9,,,,,,,,,,,,,,,,,,,
2025,1,3,2025-01-18,C,GALAXY 7 W,AC4-ID8764,TAESUNG RACH GIA,Stockfit,,1330,1330,850,838,12,12,1.41%,0.90%,,,,,,,,,,,,,,,,,,,8,,,,,,4,,,,,,,,,,,,,,,,,,,
2025,1,3,2025-01-18,C,GALAXY 7 M,AC3-ID8760,TAESUNG RACH GIA,Stockfit,,790,790,790,774,16,16,2.03%,2.03%,,,,,,,,,,2,,,,,,,,,7,,,,,,7,,,,,,,,,,,,,,,,,,,
2025,1,3,2025-01-18,C,GALAXY 7 M,A-JI4598,EZ,Stockfit,,1430,1430,220,216,4,4,1.82%,0.28%,,,,,,,,,,1,,,,,,,,,2,,,,,1,,,,,,,,,,,,,,,,,,,,
2025,1,3,2025-01-18,C,GALAXY 7 W,A-JQ2606,EZ,Stockfit,,2053,2053,340,334,6,6,1.76%,0.29%,,,,,,,,,,,,,,,,,,,3,,,,,,3,,,,,,,,,,,,,,,,,,,
2025,1,3,2025-01-18,C,TENSAUR SPORT 2.0 CF K,AC1-JR3219,HVC,Outsole,,6512,6512,1580,1573,7,7,0.44%,0.11%,,,,,,,,,,,,7,,,,,,,,,,,,,,,,,,,,,,,,,,,,,,,,
2025,1,4,2025-01-20,D,ADVANTAGE,AB2-ID9630,TAESUNG CU CHI,Outsole,241,0,241,241,234,7,7,2.90%,2.90%,,,,,,,,,,1,,2,1,,,,,,,,,,,,,,,,,,,,,,,,,,3,,,,,
2025,1,4,2025-01-20,D,VL COURT 3.0,A-JP7536,EZ,Outsole,,0,754,754,734,20,20,2.65%,2.65%,,,,,,,,,,4,,,,,,,,,,,,,,,,,,,16,,,,,,,,,,,,,,,
2025,1,4,2025-01-20,D,TENSAUR SPORT 2.0 K,AB2-GW6423,TAESUNG RACH GIA,Outsole,2357,0,2357,2357,2305,52,52,2.21%,2.21%,,,,,,,,,,,,52,,,,,,,,,,,,,,,,,,,,,,,,,,,,,,,,
2025,1,4,2025-01-20,D,TENSAUR SPORT 2.0 K,AB2-GW6439,TAESUNG RACH GIA,Outsole,,0,1122,1122,1088,34,34,3.03%,3.03%,,,,,,,,,,,,12,,,,,,,,,,,,,,,,,,,22,,,,,,,,,,,,,
2025,1,4,2025-01-20,D,GRAND COURT 2.0,AB1-GW9195,TAESUNG RACH GIA,Outsole,,0,972,972,949,23,23,2.37%,2.37%,,,,,,,,,,,,23,,,,,,,,,,,,,,,,,,,,,,,,,,,,,,,,
2025,1,4,2025-01-20,A,VL COURT 3.0 K,AB1-IH2406,TAESUNG RACH GIA,Outsole,,3615,3615,3615,3556,59,59,1.63%,1.63%,,,,,,,,,,,,59,,,,,,,,,,,,,,,,,,,,,,,,,,,,,,,,
2025,1,4,2025-01-20,A,VL COURT 3.0 K,AB2-ID9062,TAESUNG RACH GIA,Outsole,0,1717,1717,1717,1692,25,25,1.46%,1.46%,,,,,,,,,,,,25,,,,,,,,,,,,,,,,,,,,,,,,,,,,,,,,
2025,1,4,2025-01-20,A,TENSAUR RUN 3.0 J,A-JR6044,SOC TRANG,IMEVA,9750,0,9750,2910,2808,102,102,3.51%,1.05%,,,,,,,,,,23,,,31,48,,,,,,,,,,,,,,,,,,,,,,,,,,,,,,
2025,1,4,2025-01-20,A,TENSAUR RUN 3.0 J,AB3-IE3542,SOC TRANG,IMEVA,3590,0,3590,2070,1980,90,90,4.35%,2.51%,,22,,,,,,,,15,,,,53,,,,,,,,,,,,,,,,,,,,,,,,,,,,,,
2025,1,4,2025-01-20,A,LIGHTSHIFT,AC1-JH9313,EZ,Stockfit,,2110,2110,2110,2072,38,38,1.80%,1.80%,,,,5,,,,,,,,,26,,,,,,7,,,,,,,,,,,,,,,,,,,,,,,,,
2025,1,4,2025-01-20,A,LIGHTSHIFT,AC1-JH9319,EZ,Stockfit,,1261,1261,1261,1235,26,26,2.06%,2.06%,,19,,7,,,,,,,,,,,,,,,,,,,,,,,,,,,,,,,,,,,,,,,,
2025,1,4,2025-01-20,C,GALAXY 7 W,AC3-ID8763,TAESUNG RACH GIA,Stockfit,,4010,4010,2360,2316,44,44,1.86%,1.10%,,4,,9,,,,,,,,,,,,,,,31,,,,,,,,,,,,,,,,,,,,,,,,,
2025,1,4,2025-01-20,A,LIGHTSHIFT,A-JH9308,EZ,Stockfit,,410,410,410,405,5,5,1.22%,1.22%,,,,1,,,,,,1,,,3,,,,,,,,,,,,,,,,,,,,,,,,,,,,,,,
2025,1,4,2025-01-20,C,GALAXY 7 W,AC4-ID8764,TAESUNG RACH GIA,Stockfit,,2713,2713,480,472,8,8,1.67%,0.29%,,,,,,,,,,,,,,,,,,,8,,,,,,,,,,,,,,,,,,,,,,,,,
2025,1,4,2025-01-20,C,GALAXY 7 M,A-JQ2622,EZ,Stockfit,358,232,590,590,579,11,11,1.86%,1.86%,,,,3,,,,,,,,,,,,,,,6,,,,,2,,,,,,,,,,,,,,,,,,,,
2025,1,4,2025-01-20,C,GALAXY 7 W,A-JQ2606,EZ,Stockfit,,1574,1574,1270,1252,18,18,1.42%,1.14%,,,,,,,,,,2,,,,,,,,,9,,,,,,7,,,,,,,,,,,,,,,,,,,
2025,1,4,2025-01-20,C,GALAXY 7 W,A-JQ2608,EZ,Stockfit,,687,687,540,532,8,8,1.48%,1.16%,,,,,,,,,,,,,,,,,,,8,,,,,,,,,,,,,,,,,,,,,,,,,
2025,1,4,2025-01-20,A,ADVANTAGE BASE 2.0 CF C,AB2-IE9019,TAESUNG RACH GIA,Outsole,,1220,1220,1220,1197,23,23,1.89%,1.89%,,,,,,,,,,,,23,,,,,,,,,,,,,,,,,,,,,,,,,,,,,,,,
2025,1,4,2025-01-20,C,TENSAUR SPORT 2.0 CF K,AC1-JR3219,HVC,Outsole,,3974,3974,1510,1505,5,5,0.33%,0.13%,,,,,,,,,,,,5,,,,,,,,,,,,,,,,,,,,,,,,,,,,,,,,
2025,1,4,2025-01-21,D,TENSAUR SPORT 2.0 K,AB2-GW6425,TAESUNG CU CHI,Outsole,,0,1520,1520,1484,36,36,2.37%,2.37%,,,,,,,16,,,,,20,,,,,,,,,,,,,,,,,,,,,,,,,,,,,,,,
2025,1,4,2025-01-21,D,VL COURT 3.0,AB-ID9184,EZ,Outsole,,0,650,650,629,21,21,3.23%,3.23%,,,,,,,12,,,1,,8,,,,,,,,,,,,,,,,,,,,,,,,,,,,,,,,
2025,1,4,2025-01-21,D,VL COURT 3.0,A-JR8653,EZ,Outsole,,0,1752,1752,1720,32,32,1.83%,1.83%,,,,,,,,,,,,,,,,,,,,,,,,,,,,21,11,,,,,,,,,,,,,,,
2025,1,4,2025-01-21,D,GRAND COURT 2.0,AB-GW9199,TAESUNG RACH GIA,Outsole,,0,1810,1810,1770,40,40,2.21%,2.21%,,,,,,,,,,,,40,,,,,,,,,,,,,,,,,,,,,,,,,,,,,,,,
2025,1,4,2025-01-21,D,TENSAUR SPORT 2.0 K,AB2-GW6423,TAESUNG RACH GIA,Outsole,,0,920,920,895,25,25,2.72%,2.72%,,,,,,,,,,,,25,,,,,,,,,,,,,,,,,,,,,,,,,,,,,,,,
2025,1,4,2025-01-21,B,ADVANTAGE BASE 2.0 CF C,AB2-IE9019,TAESUNG RACH GIA,Outsole,,6710,6710,1100,1083,17,17,1.55%,0.25%,,,,,,,,,,,,17,,,,,,,,,,,,,,,,,,,,,,,,,,,,,,,,
2025,1,4,2025-01-21,A,TENSAUR RUN 3.0 J,AB4-IE3544,SOC TRANG,IMEVA,7970,0,8092,1730,1673,57,57,3.29%,0.70%,,,,,,,11,,,9,,,,37,,,,,,,,,,,,,,,,,,,,,,,,,,,,,,
2025,1,4,2025-01-21,A,TENSAUR RUN 3.0 J,AB3-IE3542,SOC TRANG,IMEVA,1980,0,2028,1028,944,84,84,8.17%,4.14%,,23,,,,,,,,17,,,,44,,,,,,,,,,,,,,,,,,,,,,,,,,,,,,
2025,1,4,2025-01-21,A,VL COURT 3.0 K,AB2-ID6312,TAESUNG RACH GIA,Outsole,,3381,3381,1970,1937,33,33,1.68%,0.98%,,,,,,,,,,,,33,,,,,,,,,,,,,,,,,,,,,,,,,,,,,,,,
2025,1,4,2025-01-21,A,VL COURT 3.0 K,AB2-IE3630,TAESUNG RACH GIA,Outsole,,2428,2428,1428,1400,28,28,1.96%,1.15%,,,,,,,,,,,,28,,,,,,,,,,,,,,,,,,,,,,,,,,,,,,,,
2025,1,4,2025-01-21,A,LIGHTSHIFT,AC1-JH9319,EZ,Stockfit,,3876,3876,3876,3825,51,51,1.32%,1.32%,,,,9,,,,,,27,,,,,,,,,15,,,,,,,,,,,,,,,,,,,,,,,,,
2025,1,4,2025-01-21,A,LIGHTSHIFT,AC1-JH9324,EZ,Stockfit,,1233,1233,1233,1196,37,37,3.00%,3.00%,,,,,,,,,,,,,15,,,,,,9,,,,,,13,,,,,,,,,,,,,,,,,,,
2025,1,4,2025-01-21,A,LIGHTSHIFT,AC1-JH9315,EZ,Stockfit,,1854,1854,1854,1829,25,25,1.35%,1.35%,,,,5,,,,,,9,,,,,,,,,11,,,,,,,,,,,,,,,,,,,,,,,,,
2025,1,4,2025-01-21,C,GALAXY 7 W,AC4-ID8764,TAESUNG RACH GIA,Stockfit,,2101,2101,1400,1375,25,25,1.79%,1.19%,,3,,6,,,,,,,,,,,,,,,9,,,,,,7,,,,,,,,,,,,,,,,,,,
2025,1,4,2025-01-21,C,GALAXY 7 M,AC3-ID8760,TAESUNG RACH GIA,Stockfit,,270,270,270,268,2,2,0.74%,0.74%,,2,,,,,,,,,,,,,,,,,,,,,,,,,,,,,,,,,,,,,,,,,,
2025,1,4,2025-01-21,C,GALAXY 7 M,A-JQ2620,TAESUNG RACH GIA,Stockfit,,2390,2390,1400,1378,22,22,1.57%,0.92%,,,,4,,,,,,,,,,,,,,,12,,,,,,6,,,,,,,,,,,,,,,,,,,
2025,1,4,2025-01-21,C,GALAXY 7 W,A-JQ2606,EZ,Stockfit,890,410,1300,1300,1279,21,21,1.62%,1.62%,,3,,5,,,,,,,,,,,,,,,9,,,,,,4,,,,,,,,,,,,,,,,,,,
2025,1,4,2025-01-21,C,GALAXY 7 W,A-JQ2610,EZ,Stockfit,,220,220,220,215,5,5,2.27%,2.27%,,,,,,,,,,,,,,,,,,,5,,,,,,,,,,,,,,,,,,,,,,,,,
2025,1,4,2025-01-21,C,TENSAUR SPORT 2.0 CF K,AC1-JR3219,HVC,Outsole,,0,1500,1500,1470,30,30,2.00%,2.00%,,,,,,,,,,,,30,,,,,,,,,,,,,,,,,,,,,,,,,,,,,,,,
2025,1,4,2025-01-22,D,TENSAUR SPORT 2.0 K,AB2-GW6423,TAESUNG RACH GIA,Outsole,,0,1549,1549,1503,46,46,2.97%,2.97%,,,,,,,,,,,,46,,,,,,,,,,,,,,,,,,,,,,,,,,,,,,,,
2025,1,4,2025-01-22,D,GRAND COURT 2.0,AB1-GW9214,TAESUNG RACH GIA,Outsole,,1789,1789,690,669,21,21,3.04%,1.17%,,,,,,,,,,3,,6,12,,,,,,,,,,,,,,,,,,,,,,,,,,,,,,,
2025,1,4,2025-01-22,D,GRAND COURT 2.0,AB1-GW9199,TAESUNG RACH GIA,Outsole,,0,1880,1880,1838,42,42,2.23%,2.23%,,,,,,,,,,,,17,,,,,,,,,,,,,,,,25,,,,,,,,,,,,,,,,
2025,1,4,2025-01-22,D,TENSAUR SPORT 2.0 K,AB2-GW6425,TAESUNG CU CHI,Outsole,,0,1490,1490,1461,29,29,1.95%,1.95%,,,,,,,,,,,,29,,,,,,,,,,,,,,,,,,,,,,,,,,,,,,,,
2025,1,4,2025-01-22,D,VL COURT 3.0,AB1-ID6276,EZ,Outsole,,0,260,260,253,7,7,2.69%,2.69%,,,,,,,,,,,,7,,,,,,,,,,,,,,,,,,,,,,,,,,,,,,,,
2025,1,4,2025-01-22,D,VL COURT 3.0,A-JR8653,EZ,Outsole,,0,190,190,184,6,6,3.16%,3.16%,,,,,,,,,,,,,,,,,,,,,,,,,,,,,6,,,,,,,,,,,,,,,
2025,1,4,2025-01-22,D,VL COURT 3.0,AB1-ID9184,EZ,Outsole,,0,430,430,419,11,11,2.56%,2.56%,,,,,,,,,,,,,,,,,,,,,,,,,,,,,11,,,,,,,,,,,,,,,
2025,1,4,2025-01-22,A,TENSAUR SPORT 2.0 CF I,AB-GW1990,HVC,Outsole,,2101,2101,220,215,5,5,2.27%,0.24%,Pass,,,,,,,,,,,2,3,,,,,,,,,,,,,,,,,,,,,,,,,,,,,,,
2025,1,4,2025-01-22,A,VL COURT 3.0 K,AB2-ID9062,TAESUNG RACH GIA,Outsole,,2353,2353,1550,1523,27,27,1.74%,1.15%,,,,,,,,,,,,27,,,,,,,,,,,,,,,,,,,,,,,,,,,,,,,,
2025,1,4,2025-01-22,A,VL COURT 3.0 K,AB1-IH2406,TAESUNG RACH GIA,Outsole,2985,457,3442,1700,1669,31,31,1.82%,0.90%,,,,,,,,,,,,31,,,,,,,,,,,,,,,,,,,,,,,,,,,,,,,,
2025,1,4,2025-01-22,A,LIGHTSHIFT,AC1-JH9315,EZ,Stockfit,1970,182,2152,2152,2104,48,48,2.23%,2.23%,,,,5,,,,,,12,,,,,,,,,10,,,,,,21,,,,,,,,,,,,,,,,,,,
2025,1,4,2025-01-22,A,LIGHTSHIFT,AC1-JH9319,EZ,Stockfit,1060,432,1492,1492,1471,21,21,1.41%,1.41%,,,,7,,,,,,9,,,,,,,,,5,,,,,,,,,,,,,,,,,,,,,,,,,
2025,1,4,2025-01-22,A,TENSAUR RUN 3.0 J,AB4-IE3544,SOC TRANG,IMEVA,6880,0,6900,2870,2752,118,118,4.11%,1.71%,,,,,,18,25,,,,,,32,43,,,,,,,,,,,,,,,,,,,,,,,,,,,,,,
2025,1,4,2025-01-22,A,LITE RACER ADAPT 7.0 I,A-JR0792,SOC TRANG,IMEVA,3590,960,4550,1710,1668,42,42,2.46%,0.92%,,,,,,,,,,18,,,,24,,,,,,,,,,,,,,,,,,,,,,,,,,,,,,
2025,1,4,2025-01-22,B,TENSAUR SPORT 2.0 CF K,A-JQ2868,HVC,Outsole,,1982,1982,200,197,3,3,1.50%,0.15%,Pass,,,,,,1,,,,,,2,,,,,,,,,,,,,,,,,,,,,,,,,,,,,,,
2025,1,4,2025-01-22,B,TENSAUR SPORT 2.0 CF K,A-JQ2869,HVC,Outsole,,1729,1729,180,176,4,4,2.22%,0.23%,Pass,,,,,,1,,,,,1,2,,,,,,,,,,,,,,,,,,,,,,,,,,,,,,,
2025,1,4,2025-01-22,B,TENSAUR SPORT 2.0 CF K,AB2-GW1987,TAESUNG RACH GIA,Outsole,,130,130,130,128,2,2,1.54%,1.54%,,,,,,,,,,,,2,,,,,,,,,,,,,,,,,,,,,,,,,,,,,,,,
2025,1,4,2025-01-22,C,GALAXY 7 W,A-JQ2606,EZ,Stockfit,530,90,620,620,612,8,8,1.29%,1.29%,,,,,,,,,,,,,,,,,,,5,,,,,,3,,,,,,,,,,,,,,,,,,,
2025,1,4,2025-01-22,C,GALAXY 7 W,AC4-ID8764,TAESUNG RACH GIA,Stockfit,275,800,1075,1075,1057,18,18,1.67%,1.67%,,6,,12,,,,,,,,,,,,,,,,,,,,,,,,,,,,,,,,,,,,,,,,
2025,1,4,2025-01-22,C,GALAXY 7 W,A-JQ2610,EZ,Stockfit,,617,617,540,534,6,6,1.11%,0.97%,,,,3,,,,,,,,,,,,,,,3,,,,,,,,,,,,,,,,,,,,,,,,,
2025,1,4,2025-01-22,C,GALAXY 7 M,A-JI4598,EZ,Stockfit,,150,150,150,148,2,2,1.33%,1.33%,,,,,,,,,,,,,,,,,,,2,,,,,,,,,,,,,,,,,,,,,,,,,
2025,1,4,2025-01-22,C,GALAXY 7 M,A-JQ2623,EZ,Stockfit,370,730,1100,1100,1081,19,19,1.73%,1.73%,,,,,,,,,,,,,,,,,,,12,,,,,,7,,,,,,,,,,,,,,,,,,,
2025,1,4,2025-01-22,C,GALAXY 7 M,A-JQ2622,EZ,Stockfit,,0,100,100,100,0,0,0.00%,0.00%,,,,,,,,,,,,,,,,,,,,,,,,,,,,,,,,,,,,,,,,,,,,
2025,1,4,2025-01-22,C,GALAXY 7 M,A-JQ2624,EZ,Stockfit,,177,177,177,175,2,2,1.13%,1.13%,,,,,,,,,,,,,,,,,,,2,,,,,,,,,,,,,,,,,,,,,,,,,
2025,1,4,2025-01-22,C,GALAXY 7 W,A-JQ2605,EZ,Stockfit,340,100,440,440,434,6,6,1.36%,1.36%,,,,,,,,,,,,,,,,,,,3,,,,,,3,,,,,,,,,,,,,,,,,,,
2025,1,4,2025-01-22,C,GALAXY 7 W,A-JQ2620,TAESUNG RACH GIA,Stockfit,,800,800,400,396,4,4,1.00%,0.50%,,,,,,,,,,,,,,,,,,,,,,,,,4,,,,,,,,,,,,,,,,,,,
2025,1,4,2025-01-22,C,GALAXY 7 M,A-JI4597,EZ,Stockfit,,220,220,220,220,0,0,0.00%,0.00%,,,,,,,,,,,,,,,,,,,,,,,,,,,,,,,,,,,,,,,,,,,,
2025,1,4,2025-01-22,C,TENSAUR SPORT 2.0 CF K,AKC2-GW1981,HVC,Stockfit,,3747,3747,1620,1610,10,10,0.62%,0.27%,,,,,,,,,,,,10,,,,,,,,,,,,,,,,,,,,,,,,,,,,,,,,
2025,1,4,2025-01-22,A,FORTARUN 3.0 EL C,A-IH2857,EP,IMEVA,2460,,2460,1530,1473,57,57,3.73%,2.32%,,18,,,,,,,,7,,,11,21,,,,,,,,,,,,,,,,,,,,,,,,,,,,,,
2025,1,4,2025-01-23,D,VL COURT 3.0,A-JR8653,EZ,Outsole,2571,0,2571,871,850,21,21,2.41%,0.82%,,,,,,,,,,,,21,,,,,,,,,,,,,,,,,,,,,,,,,,,,,,,,
2025,1,4,2025-01-23,D,VL COURT 3.0,AB1-ID9184,EZ,Outsole,1419,0,1419,1419,1383,36,36,2.54%,2.54%,,,,,,,,,,,,,,,,,,,,,,,,,,,,,36,,,,,,,,,,,,,,,
2025,1,4,2025-01-23,D,TENSAUR SPORT 2.0 K,AB2-GW6425,TAESUNG CU CHI,Outsole,,0,972,972,947,25,25,2.57%,2.57%,,,,,,,,,,,,25,,,,,,,,,,,,,,,,,,,,,,,,,,,,,,,,
2025,1,4,2025-01-23,D,TENSAUR SPORT 2.0 K,AB2-GW6423,TAESUNG RACH GIA,Outsole,,0,1041,1041,1015,26,26,2.50%,2.50%,,,,,,,,,,,,26,,,,,,,,,,,,,,,,,,,,,,,,,,,,,,,,
2025,1,4,2025-01-23,D,GRAND COURT 2.0,AB-GW9214,TAESUNG RACH GIA,Outsole,1099,358,1457,1457,1410,47,47,3.23%,3.23%,,,,,,,,,,3,,12,24,,,,,,,,,,,,,,,8,,,,,,,,,,,,,,,,
2025,1,4,2025-01-23,C,GALAXY 7 M,AC3-ID8760,TAESUNG RACH GIA,Stockfit,1716,1609,3325,3325,3277,48,48,1.44%,1.44%,,,,,,,,,,4,,,,,,,,,32,,,,,,12,,,,,,,,,,,,,,,,,,,
2025,1,4,2025-01-23,C,GALAXY 7 M,AC3-ID8757,TAESUNG RACH GIA,Stockfit,,820,820,545,536,9,9,1.65%,1.10%,,,,,,,,,,,,,,,,,,,9,,,,,,,,,,,,,,,,,,,,,,,,,
2025,1,4,2025-01-23,C,GALAXY 7 M,A-JQ2623,EZ,Stockfit,150,630,780,780,767,13,13,1.67%,1.67%,,,,,,,,,,,,,,,,,,,7,,,,,2,4,,,,,,,,,,,,,,,,,,,
2025,1,4,2025-01-23,C,GRAND COURT 2.0 EL C,AC2-IH5531,TAESUNG RACH GIA,Outsole,,4696,4696,460,450,10,10,2.17%,0.21%,Pass,,,,,,,,,,,10,,,,,,,,,,,,,,,,,,,,,,,,,,,,,,,,
2025,1,4,2025-01-23,B,ADVANTAGE BASE 2.0 CF C,AB2-IE9019,TAESUNG RACH GIA,Outsole,,4850,4850,1050,1029,21,21,2.00%,0.43%,,,,,,,,,,,,21,,,,,,,,,,,,,,,,,,,,,,,,,,,,,,,,
2025,1,4,2025-01-23,C,TENSAUR SPORT 2.0 CF K,AC2-IF1730,HVC,Outsole,,556,556,60,59,1,1,1.67%,0.18%,Pass,,,,,,,,,1,,,,,,,,,,,,,,,,,,,,,,,,,,,,,,,,,,
2025,1,4,2025-01-23,A,VL COURT 3.0 K,AB2-ID9062,TAESUNG RACH GIA,Outsole,,2679,2679,2070,2036,34,34,1.64%,1.27%,,,,,,,,,,,,34,,,,,,,,,,,,,,,,,,,,,,,,,,,,,,,,
2025,1,4,2025-01-23,A,VL COURT 3.0 K,AB2-ID6313,TAESUNG RACH GIA,Outsole,,365,365,365,360,5,5,1.37%,1.37%,,,,,,,,,,,,5,,,,,,,,,,,,,,,,,,,,,,,,,,,,,,,,
2025,1,4,2025-01-23,A,FORTARUN 3.0 EL C,A1-JQ4866,EP,IMEVA,2207,0,2207,2207,2157,50,50,2.27%,2.27%,,11,,,,,,,,18,,,,21,,,,,,,,,,,,,,,,,,,,,,,,,,,,,,
2025,1,4,2025-01-23,A,LIGHTSHIFT,A-JH9319,EZ,Stockfit,,69,69,69,69,0,0,0.00%,0.00%,,,,,,,,,,,,,,,,,,,,,,,,,,,,,,,,,,,,,,,,,,,,
2025,1,4,2025-01-23,A,LIGHTSHIFT,A-JH9315,EZ,Stockfit,830,1108,1938,970,945,25,25,2.58%,1.29%,,,,,,,,,,9,,,11,,,,,,5,,,,,,,,,,,,,,,,,,,,,,,,,
2025,1,4,2025-01-23,A,LIGHTSHIFT,A-JH9317,EZ,Stockfit,,140,140,140,140,0,0,0.00%,0.00%,,,,,,,,,,,,,,,,,,,,,,,,,,,,,,,,,,,,,,,,,,,,
2025,1,4,2025-01-23,A,TENSAUR RUN 3.0 J,AB4-IE3544,SOC TRANG,IMEVA,4030,0,4030,4030,3851,179,179,4.44%,4.44%,,43,,,,22,,,,,,,35,79,,,,,,,,,,,,,,,,,,,,,,,,,,,,,,
2025,1,4,2025-01-24,B,ADVANTAGE BASE 2.0 CF C,AB2-IE9019,TAESUNG RACH GIA,Outsole,,3125,3125,2110,2075,35,35,1.66%,1.12%,,,,,,,,,,,,35,,,,,,,,,,,,,,,,,,,,,,,,,,,,,,,,
2025,1,4,2025-01-24,A,ULTRADREAM DNA EL C,A-JP7003,EZ,Stockfit,,610,610,610,593,17,17,2.79%,2.79%,,,,,,,3,,,6,,,,,,,,,,,,,,,8,,,,,,,,,,,,,,,,,,,
2025,1,4,2025-01-24,A,LIGHTSHIFT,A-JH9326,EZ,Stockfit,,271,271,271,265,6,6,2.21%,2.21%,,,,,,,,,,,,,4,,,,,,2,,,,,,,,,,,,,,,,,,,,,,,,,
2025,1,4,2025-01-24,A,LIGHTSHIFT,A-JH9315,EZ,Stockfit,,1704,1704,1704,1683,21,21,1.23%,1.23%,,,,,,,,,,5,,,9,,,,,,7,,,,,,,,,,,,,,,,,,,,,,,,,
2025,1,4,2025-01-24,A,LIGHTSHIFT,A-JH9319,EZ,Stockfit,840,0,840,840,828,12,12,1.43%,1.43%,,,,,,,,,,7,,,,,,,,,5,,,,,,,,,,,,,,,,,,,,,,,,,
2025,1,4,2025-01-24,A,VL COURT 3.0 K,AB2-IE3630,TAESUNG RACH GIA,Outsole,,5933,5933,2410,2377,33,33,1.37%,0.56%,,,,,,,,,,,,33,,,,,,,,,,,,,,,,,,,,,,,,,,,,,,,,
2025,1,4,2025-01-24,A,VL COURT 3.0 K,AB1-IH2406,TAESUNG RACH GIA,Outsole,,1630,1630,1630,1603,27,27,1.66%,1.66%,,,,,,,,,,,,27,,,,,,,,,,,,,,,,,,,,,,,,,,,,,,,,
2025,1,4,2025-01-24,A,VL COURT 3.0 K,A1-JH8721,TAESUNG RACH GIA,Outsole,,777,777,777,761,16,16,2.06%,2.06%,,,,,,,,,,,,16,,,,,,,,,,,,,,,,,,,,,,,,,,,,,,,,
2025,1,4,2025-01-24,D,TENSAUR SPORT 2.0 K,AB2-GW6425,TAESUNG CU CHI,Outsole,,0,893,893,872,21,21,2.35%,2.35%,,,,,,,,,,,,21,,,,,,,,,,,,,,,,,,,,,,,,,,,,,,,,
2025,1,4,2025-01-24,D,GRAND COURT 2.0,AB1-GW9214,TAESUNG RACH GIA,Outsole,,0,745,745,722,23,23,3.09%,3.09%,,,,,,,,,,1,,12,2,,,,,,,,,,,,,,,8,,,,,,,,,,,,,,,,
2025,1,4,2025-01-24,D,TENSAUR SPORT 2.0 K,AB2-GW1987,TAESUNG RACH GIA,Outsole,,0,1174,1174,1142,32,32,2.73%,2.73%,,,,,,,,,,,,32,,,,,,,,,,,,,,,,,,,,,,,,,,,,,,,,
2025,1,4,2025-01-24,D,VL COURT 3.0,AB1-ID9184,EZ,Outsole,,0,462,462,448,14,14,3.03%,3.03%,,,,,,,,,,,,4,,,,,,,,,10,,,,,,,,,,,,,,,,,,,,,,,
2025,1,4,2025-01-24,D,VL COURT 3.0,A-JR8653,EZ,Outsole,1700,0,1700,1700,1659,41,41,2.41%,2.41%,,,,,,,,,,12,,29,,,,,,,,,,,,,,,,,,,,,,,,,,,,,,,,
2025,1,4,2025-01-24,C,GALAXY 7 W,AC4-ID8764,TAESUNG RACH GIA,Stockfit,544,1726,2270,2270,2248,22,22,0.97%,0.97%,,,,,,,,,,2,,,,,,,,,20,,,,,,,,,,,,,,,,,,,,,,,,,
2025,1,4,2025-01-24,C,GALAXY 7 W,AB-ID8763,TAESUNG RACH GIA,Stockfit,,2510,2510,1960,1942,18,18,0.92%,0.72%,,,,,,,,,,1,,,,,,,,,17,,,,,,,,,,,,,,,,,,,,,,,,,
2025,1,4,2025-01-24,C,GALAXY 7 W,A-JQ2606,EZ,Stockfit,270,0,270,270,265,5,5,1.85%,1.85%,,,,,,,,,,,,,,,,,,,5,,,,,,,,,,,,,,,,,,,,,,,,,
2025,1,4,2025-01-24,C,GRAND COURT 2.0 EL C,AC2-IH5529,TAESUNG RACH GIA,Outsole,,1230,1230,120,117,3,3,2.50%,0.24%,Pass,,,,,,,,,,,3,,,,,,,,,,,,,,,,,,,,,,,,,,,,,,,,
2025,1,4,2025-01-25,A,VL COURT 3.0 K,AB2-ID9062,TAESUNG RACH GIA,Outsole,,2022,2022,2022,1986,36,36,1.78%,1.78%,,,,,,,,,,,,36,,,,,,,,,,,,,,,,,,,,,,,,,,,,,,,,
2025,1,4,2025-01-25,A,VL COURT 3.0 K,AB2-ID6312,TAESUNG RACH GIA,Outsole,1970,0,1970,1970,1943,27,27,1.37%,1.37%,,,,,,,,,,,,27,,,,,,,,,,,,,,,,,,,,,,,,,,,,,,,,
2025,1,4,2025-01-25,A,ULTRADREAM DNA EL C,A-JP7003,EZ,Stockfit,,345,345,345,340,5,5,1.45%,1.45%,,,,1,,,,,,1,,,3,,,,,,,,,,,,,,,,,,,,,,,,,,,,,,,
2025,1,4,2025-01-25,A,LIGHTSHIFT,AC1-JH9327,EZ,Stockfit,,483,483,483,478,5,5,1.04%,1.04%,,,,,,,,,,3,,,,,,,,,2,,,,,,,,,,,,,,,,,,,,,,,,,
2025,1,4,2025-01-25,A,LIGHTSHIFT,A-JH9317,EZ,Stockfit,,998,998,998,972,26,26,2.61%,2.61%,,,,,,,,,,,,,17,,,,,,9,,,,,,,,,,,,,,,,,,,,,,,,,
2025,1,4,2025-01-25,D,GRAND COURT 2.0,AB1-GW9199,TAESUNG RACH GIA,Outsole,,0,1547,1547,1506,41,41,2.65%,2.65%,,,,,,,,,,,,12,29,,,,,,,,,,,,,,,,,,,,,,,,,,,,,,,
2025,1,4,2025-01-25,D,VL COURT 3.0,AB-ID9184,EZ,Outsole,,0,875,875,851,24,24,2.74%,2.74%,,,,,,,,,,,,24,,,,,,,,,,,,,,,,,,,,,,,,,,,,,,,,
2025,1,4,2025-01-25,C,GALAXY 7 M,AC2-ID8757,TAESUNG RACH GIA,Stockfit,580,420,1000,1000,984,16,16,1.60%,1.60%,,,,6,,,,,,,,,,,,,,,10,,,,,,,,,,,,,,,,,,,,,,,,,
2025,1,4,2025-01-25,C,GALAXY 7 M,AC2-ID8760,TAESUNG RACH GIA,Stockfit,,2260,2260,1640,1617,23,23,1.40%,1.02%,,,,,,,,,,,,,,,,,,,16,,,,,,7,,,,,,,,,,,,,,,,,,,
2025,2,6,2025-02-03,A,ULTRADREAM DNA EL C,A-JP7003,EZ,Stockfit,770,0,770,770,767,3,3,0.39%,0.39%,,,,2,,,,,,,,,,,,,,,1,,,,,,,,,,,,,,,,,,,,,,,,,
2025,2,6,2025-02-03,A,LIGHTSHIFT,A-JH9313,EZ,Stockfit,1050,0,1050,1050,1036,14,14,1.33%,1.33%,,2,,,,,,,,1,,,5,,,,,,3,,,,,,3,,,,,,,,,,,,,,,,,,,
2025,2,6,2025-02-03,A,LIGHTSHIFT,A-JH9317,EZ,Stockfit,930,0,930,930,925,5,5,0.54%,0.54%,,,,,,,,,,1,,,2,,,,,,2,,,,,,,,,,,,,,,,,,,,,,,,,
2025,2,6,2025-02-03,A,VL COURT 3.0 K,AB2-ID6313,TAESUNG RACH GIA,Outsole,1810,131,1941,1941,1904,37,37,1.91%,1.91%,,,,,,,,,,,,37,,,,,,,,,,,,,,,,,,,,,,,,,,,,,,,,
2025,2,6,2025-02-03,A,VL COURT 3.0 K,AB2-IE3630,TAESUNG RACH GIA,Outsole,,4902,4902,2900,2857,43,43,1.48%,0.88%,,,,,,,,,,,,43,,,,,,,,,,,,,,,,,,,,,,,,,,,,,,,,
2025,2,6,2025-02-03,D,GRAND COURT 2.0,AB-GW9195,TAESUNG RACH GIA,Outsole,4751,1670,6421,1421,1333,88,88,6.19%,1.37%,,,,,,,,,,,,31,25,,,,,,,,,,,,,,,32,,,,,,,,,,,,,,,,
2025,2,6,2025-02-03,D,GRAND COURT 2.0,AB1-GW9199,TAESUNG RACH GIA,Outsole,,0,3752,3752,3540,212,212,5.65%,5.65%,,,,,,,,,,31,,73,108,,,,,,,,,,,,,,,,,,,,,,,,,,,,,,,
2025,2,6,2025-02-03,D,VL COURT 3.0,AB1-ID9184,EZ,Outsole,,0,1547,1547,1493,54,54,3.49%,3.49%,,,,,,,,,,,,54,,,,,,,,,,,,,,,,,,,,,,,,,,,,,,,,
2025,2,6,2025-02-03,A,ASPYRE,A2-JI2130,TAESUNG RACH GIA,Stockfit,,496,496,50,49,1,1,2.00%,0.20%,Pass,,,,,,,,,,,,,,,,,,1,,,,,,,,,,,,,,,,,,,,,,,,,
2025,2,6,2025-02-03,C,GALAXY 7 W,AC3-ID8763,TAESUNG RACH GIA,Stockfit,3000,670,3670,3670,3624,46,46,1.25%,1.25%,,,,8,,,,,,4,,,,,,,,,25,,,,,,9,,,,,,,,,,,,,,,,,,,
2025,2,6,2025-02-03,C,GALAXY 7 M,AC3-ID8757,TAESUNG RACH GIA,Stockfit,,230,230,230,225,5,5,2.17%,2.17%,,,,,,,,,,,,,,,,,,,3,,,,,,2,,,,,,,,,,,,,,,,,,,
2025,2,6,2025-02-03,C,GRAND COURT 2.0 EL C,AC2-IH5529,TAESUNG RACH GIA,Outsole,,1031,1031,100,98,2,2,2.00%,0.19%,Pass,,,,,,,,,,,1,1,,,,,,,,,,,,,,,,,,,,,,,,,,,,,,,
2025,2,6,2025-02-04,B,TENSAUR SPORT 2.0 CF K,AB2-GW6425,HVC,Outsole,,723,723,80,78,2,2,2.50%,0.28%,Pass,,,,,,1,,,,,,,,,,,,,,,,,,,,,1,,,,,,,,,,,,,,,,
2025,2,6,2025-02-04,B,ADVANTAGE K,AC9-GY6995,TAESUNG RACH GIA,Outsole,,206,206,206,201,5,5,2.43%,2.43%,,,,,,,,,,1,,2,,,,,,,,,,,,,,,,2,,,,,,,,,,,,,,,,
2025,2,6,2025-02-04,B,TENSAUR SPORT 2.0 CF K,AC-GW6423,TAESUNG RACH GIA,Outsole,,1934,1934,750,737,13,13,1.73%,0.67%,,,,,,,,,,,,13,,,,,,,,,,,,,,,,,,,,,,,,,,,,,,,,
2025,2,6,2025-02-04,A,TENSAUR SPORT 2.0 CF I,AB-GW6456,HVC,Outsole,,140,140,20,20,0,0,0.00%,0.00%,Pass,,,,,,,,,,,,,,,,,,,,,,,,,,,,,,,,,,,,,,,,,,,
2025,2,6,2025-02-04,A,ASPYRE,A1-JI2121,TAESUNG RACH GIA,Stockfit,,655,655,70,68,2,2,2.86%,0.31%,Pass,,,,,,,,,,,,,,,,,,2,,,,,,,,,,,,,,,,,,,,,,,,,
2025,2,6,2025-02-04,A,VL COURT 3.0 K,A1-JH8723,TAESUNG RACH GIA,Outsole,1500,0,1500,1500,1477,23,23,1.53%,1.53%,,,,,,,,,,,,23,,,,,,,,,,,,,,,,,,,,,,,,,,,,,,,,
2025,2,6,2025-02-04,A,VL COURT 3.0 K,AB2-ID6312,TAESUNG RACH GIA,Outsole,1250,0,1250,1250,1231,19,19,1.52%,1.52%,,,,,,,,,,,,19,,,,,,,,,,,,,,,,,,,,,,,,,,,,,,,,
2025,2,6,2025-02-04,A,VL COURT 3.0 K,AB2-IE3630,TAESUNG RACH GIA,Outsole,,4956,4956,2970,2922,48,48,1.62%,0.97%,,,,,,,,,,,,48,,,,,,,,,,,,,,,,,,,,,,,,,,,,,,,,
2025,2,6,2025-02-04,A,LIGHTSHIFT,A-JH9317,EZ,Stockfit,,1462,1462,410,406,4,4,0.98%,0.27%,,,,1,,,,,,1,,,2,,,,,,,,,,,,,,,,,,,,,,,,,,,,,,,
2025,2,6,2025-02-04,A,LIGHTSHIFT,AC1-JH9327,EZ,Stockfit,,792,792,792,788,4,4,0.51%,0.51%,,,,1,,,,,,2,,,,,,,,,1,,,,,,,,,,,,,,,,,,,,,,,,,
2025,2,6,2025-02-04,A,LIGHTSHIFT,A-JH9324,EZ,Stockfit,,170,170,170,170,0,0,0.00%,0.00%,,,,,,,,,,,,,,,,,,,,,,,,,,,,,,,,,,,,,,,,,,,,
2025,2,6,2025-02-04,A,LIGHTSHIFT,A-JH9326,EZ,Stockfit,510,0,510,510,507,3,3,0.59%,0.59%,,,,,,,,,,,,,,,,,,,2,,,,,,1,,,,,,,,,,,,,,,,,,,
2025,2,6,2025-02-04,A,LIGHTSHIFT,A-JH9315,EZ,Stockfit,760,0,760,760,753,7,7,0.92%,0.92%,,,,1,,,,,,,,,4,,,,,,,,,,,,2,,,,,,,,,,,,,,,,,,,
2025,2,6,2025-02-04,D,VL COURT 3.0,A-JR8653,EZ,Outsole,,0,2874,2874,2807,67,67,2.33%,2.33%,,,,,,,,,,,,67,,,,,,,,,,,,,,,,,,,,,,,,,,,,,,,,
2025,2,6,2025-02-04,D,TENSAUR SPORT 2.0 K,AB2-GW1987,TAESUNG RACH GIA,Outsole,,0,2134,2134,2088,46,46,2.16%,2.16%,,,,,,,,,,,,46,,,,,,,,,,,,,,,,,,,,,,,,,,,,,,,,
2025,2,6,2025-02-04,C,GALAXY 7 M,AC2-ID8757,TAESUNG RACH GIA,Stockfit,300,0,300,300,295,5,5,1.67%,1.67%,,,,2,,,,,,,,,,,,,,,3,,,,,,,,,,,,,,,,,,,,,,,,,
2025,2,6,2025-02-04,D,GRAND COURT 2.0,AB1-GW9199,TAESUNG RACH GIA,Outsole,,0,1289,1289,1241,48,48,3.72%,3.72%,,,,,,,,,,,,19,12,,,,,,,,,,,,,,,,,,17,,,,,,,,,,,,,
2025,2,6,2025-02-04,C,GALAXY 7 M,AC3-ID8754,TAESUNG RACH GIA,Stockfit,,3586,3586,1200,1177,23,23,1.92%,0.64%,,,,,,,,,,,,,,,,,,,16,,,,,,7,,,,,,,,,,,,,,,,,,,
2025,2,6,2025-02-04,D,GRAND COURT 2.0,AB2-GW9195,TAESUNG RACH GIA,Outsole,5000,810,5810,1273,1220,53,53,4.16%,0.91%,,,,,,,,,,5,,18,9,,,,,,,,,,,,,,,,,,21,,,,,,,,,,,,,
2025,2,6,2025-02-04,C,GALAXY 7 M,A-JQ2623,EZ,Stockfit,,1772,1772,1040,1021,19,19,1.83%,1.07%,,2,,3,,,,,,,,,,,,,,,14,,,,,,,,,,,,,,,,,,,,,,,,,
2025,2,6,2025-02-04,C,GRAND COURT 2.0 EL C,AC2-IE5995,TAESUNG RACH GIA,Outsole,,350,350,350,332,18,18,5.14%,5.14%,,,,,,,,,,,,11,4,,,,,3,,,,,,,,,,,,,,,,,,,,,,,,,,
2025,2,6,2025-02-04,C,TENSAUR SPORT 2.0 CF K,AC1-JR3219,HVC,Outsole,,2628,2628,260,256,4,4,1.54%,0.15%,Pass,,,,,,,,,,,4,,,,,,,,,,,,,,,,,,,,,,,,,,,,,,,,
2025,2,6,2025-02-05,A,VL COURT 3.0 K,AC2-JQ7341,TAESUNG RACH GIA,Outsole,1130,990,2120,2120,2072,48,48,2.26%,2.26%,,,,,,,,,,,,48,,,,,,,,,,,,,,,,,,,,,,,,,,,,,,,,
2025,2,6,2025-02-05,A,VL COURT 3.0 K,AB2-ID6313,TAESUNG RACH GIA,Outsole,1500,167,1667,1667,1632,35,35,2.10%,2.10%,,,,,,,,,,,,35,,,,,,,,,,,,,,,,,,,,,,,,,,,,,,,,
2025,2,6,2025-02-05,A,VL COURT 3.0 K,AC2-JH8723,TAESUNG RACH GIA,Outsole,1070,0,1070,1070,1041,29,29,2.71%,2.71%,,,,,,,,,,,,29,,,,,,,,,,,,,,,,,,,,,,,,,,,,,,,,
2025,2,6,2025-02-05,A,LIGHTSHIFT,A-JH9319,EZ,Stockfit,560,84,644,644,638,6,6,0.93%,0.93%,,,,1,,,,,,2,,,,,,,,,2,,,,,,1,,,,,,,,,,,,,,,,,,,
2025,2,6,2025-02-05,A,LIGHTSHIFT,A-JH9315,EZ,Stockfit,,1229,1229,1229,1209,20,20,1.63%,1.63%,,5,,,,,,,,3,,,12,,,,,,,,,,,,,,,,,,,,,,,,,,,,,,,
2025,2,6,2025-02-05,A,LIGHTSHIFT,A-JS4279,EZ,Stockfit,,632,632,632,622,10,10,1.58%,1.58%,,,,3,,,2,,,,,,,,,,,,5,,,,,,,,,,,,,,,,,,,,,,,,,
2025,2,6,2025-02-05,A,LIGHTSHIFT,A-JH9326,EZ,Stockfit,,291,291,291,291,0,0,0.00%,0.00%,,,,,,,,,,,,,,,,,,,,,,,,,,,,,,,,,,,,,,,,,,,,
2025,2,6,2025-02-05,A,LIGHTSHIFT,A-JH9322,EZ,Stockfit,,32,32,32,32,0,0,0.00%,0.00%,,,,,,,,,,,,,,,,,,,,,,,,,,,,,,,,,,,,,,,,,,,,
2025,2,6,2025-02-05,A,ULTRADREAM DNA EL C,A-JP7003,EZ,Stockfit,1710,0,1710,1710,1688,22,22,1.29%,1.29%,,,,,,,,,,5,,,17,,,,,,,,,,,,,,,,,,,,,,,,,,,,,,,
2025,2,6,2025-02-05,C,GALAXY 7 M,AC3-ID8754,TAESUNG RACH GIA,Stockfit,460,3090,3550,3550,3491,59,59,1.66%,1.66%,,3,,,,,,,,,,,,,,,,,37,,,,,,19,,,,,,,,,,,,,,,,,,,
2025,2,6,2025-02-05,C,GALAXY 7 M,AC2-ID8757,TAESUNG RACH GIA,Stockfit,,4906,4906,1470,1444,26,26,1.77%,0.53%,,2,,3,,,,,,,,,,,,,,,15,,,,,,6,,,,,,,,,,,,,,,,,,,
2025,2,6,2025-02-05,C,GALAXY 7 M,A-JQ2623,EZ,Stockfit,,538,538,390,384,6,6,1.54%,1.12%,,,,,,,,,,,,,,,,,,,5,,,,,1,,,,,,,,,,,,,,,,,,,,
2025,2,6,2025-02-05,C,GALAXY 7 W,A-JQ2605,EZ,Stockfit,,130,130,130,130,0,0,0.00%,0.00%,,,,,,,,,,,,,,,,,,,,,,,,,,,,,,,,,,,,,,,,,,,,
2025,2,6,2025-02-05,C,GALAXY 7 W,A-JQ2608,EZ,Stockfit,,228,228,150,150,0,0,0.00%,0.00%,,,,,,,,,,,,,,,,,,,,,,,,,,,,,,,,,,,,,,,,,,,,
2025,2,6,2025-02-05,C,GALAXY 7 M,A-JQ2622,EZ,Stockfit,,174,174,150,150,0,0,0.00%,0.00%,,,,,,,,,,,,,,,,,,,,,,,,,,,,,,,,,,,,,,,,,,,,
2025,2,6,2025-02-05,C,GALAXY 7 M,A-JQ2625,EZ,Stockfit,,317,317,250,247,3,3,1.20%,0.95%,,,,,,,,,,,,,,,,,,,2,,,,,1,,,,,,,,,,,,,,,,,,,,
2025,2,6,2025-02-05,D,GRAND COURT 2.0,AC8-GW9195,TAESUNG RACH GIA,Outsole,4537,0,4537,3673,2652,1021,1021,27.80%,22.50%,,,,,,,,,,37,,151,375,,,,,,,,,,,,,,,458,,,,,,,,,,,,,,,,
2025,2,6,2025-02-05,D,GRAND COURT 2.0,AB1-GW9199,TAESUNG RACH GIA,Outsole,,0,850,850,811,39,39,4.59%,4.59%,,,,,,,,,,6,,21,,,,,,,,,,,,,,,,12,,,,,,,,,,,,,,,,
2025,2,6,2025-02-05,D,VL COURT 3.0,AB1-ID9184,EZ,Outsole,,0,1247,1247,1210,37,37,2.97%,2.97%,,,,,,,6,,,,,31,,,,,,,,,,,,,,,,,,,,,,,,,,,,,,,,
2025,2,6,2025-02-06,A,VL COURT 3.0 K,A-JS3761,TAESUNG RACH GIA,Outsole,1800,490,2290,2290,2251,39,39,1.70%,1.70%,,,,,,,,,,,,39,,,,,,,,,,,,,,,,,,,,,,,,,,,,,,,,
2025,2,6,2025-02-06,A,VL COURT 3.0 K,A1-JQ7341,TAESUNG RACH GIA,Outsole,,2800,2800,2800,2755,45,45,1.61%,1.61%,,,,,,,,,,,,45,,,,,,,,,,,,,,,,,,,,,,,,,,,,,,,,
2025,2,6,2025-02-06,A,LIGHTSHIFT,A-JH9315,EZ,Stockfit,,1456,1456,1456,1444,12,12,0.82%,0.82%,,,,1,,,,,,,,,8,,,,,,3,,,,,,,,,,,,,,,,,,,,,,,,,
2025,2,6,2025-02-06,A,LIGHTSHIFT,A-JH9324,EZ,Stockfit,,436,436,436,434,2,2,0.46%,0.46%,,,,,,,1,,,1,,,,,,,,,,,,,,,,,,,,,,,,,,,,,,,,,,
2025,2,6,2025-02-06,A,LIGHTSHIFT,A-JS4279,EZ,Stockfit,,2309,2309,1930,1900,30,30,1.55%,1.30%,,7,,,,,,,,9,,,,,,,,,14,,,,,,,,,,,,,,,,,,,,,,,,,
2025,2,6,2025-02-06,C,GALAXY 7 M,A-JQ2620,TAESUNG RACH GIA,Stockfit,,4650,4650,900,886,14,14,1.56%,0.30%,,2,,,,,,,,,,,,,,,,,8,,,,,,4,,,,,,,,,,,,,,,,,,,
2025,2,6,2025-02-06,C,GALAXY 7 M,AC3-ID8757,TAESUNG RACH GIA,Stockfit,,7726,7726,2850,2804,46,46,1.61%,0.60%,,3,,4,,,,,,,,,,,,,,,31,,,,,,8,,,,,,,,,,,,,,,,,,,
2025,2,6,2025-02-06,C,GRAND COURT 2.0,AC7-GW9196,TAESUNG RACH GIA,Outsole,,733,733,733,590,143,143,19.51%,19.51%,,,,,,,,,,11,,66,16,,,,,38,,,,,,,,,,,,,,,,,12,,,,,,,,,
2025,2,6,2025-02-06,D,GRAND COURT 2.0,AC8-GW9195,TAESUNG RACH GIA,Outsole,864,1996,2860,2860,1919,941,941,32.90%,32.90%,,,,,,,,,,,,437,248,,,,,,,,,,,,,,,256,,,,,,,,,,,,,,,,
2025,2,6,2025-02-06,D,TENSAUR SPORT 2.0 K,AB2-GW1987,TAESUNG RACH GIA,Outsole,,0,2893,2893,2830,63,63,2.18%,2.18%,,,,,,,,,,,,63,,,,,,,,,,,,,,,,,,,,,,,,,,,,,,,,
2025,2,6,2025-02-06,D,VL COURT 3.0,AB-ID9184,EZ,Outsole,,0,1807,1807,1762,45,45,2.49%,2.49%,,,,,,,,,,,,45,,,,,,,,,,,,,,,,,,,,,,,,,,,,,,,,
2025,2,6,2025-02-07,A,TENSAUR SPORT 2.0 CF I,AB-GW1990,HVC,Outsole,,7475,7475,750,731,19,19,2.53%,0.25%,Pass,,,,,,,,,,,5,5,,,,,,,,,,,,,,,9,,,,,,,,,,,,,,,,
2025,2,6,2025-02-07,A,VL COURT 3.0 K,A-JR2219,TAESUNG RACH GIA,Outsole,,5018,5018,2300,2249,51,51,2.22%,1.02%,,,,,,,,,,,,51,,,,,,,,,,,,,,,,,,,,,,,,,,,,,,,,
2025,2,6,2025-02-07,A,VL COURT 3.0 K,A-JS3490,TAESUNG RACH GIA,Outsole,,2214,2214,2214,2166,48,48,2.17%,2.17%,,,,,,,,,,,,48,,,,,,,,,,,,,,,,,,,,,,,,,,,,,,,,
2025,2,6,2025-02-07,A,LIGHTSHIFT,AC1-JH9326,EZ,Stockfit,714,333,1047,1047,1025,22,22,2.10%,2.10%,,,,,,,,,,,,,17,,,,,,2,,,,,,3,,,,,,,,,,,,,,,,,,,
2025,2,6,2025-02-07,A,LIGHTSHIFT,A-JH9315,EZ,Stockfit,,945,945,945,932,13,13,1.38%,1.38%,,,,2,,,,,,,,,9,,,,,,,,,,,,2,,,,,,,,,,,,,,,,,,,
2025,2,6,2025-02-07,A,LIGHTSHIFT,AC1-JH9324,EZ,Stockfit,,814,814,814,799,15,15,1.84%,1.84%,,,,,,,,,,,,,13,,,,,,2,,,,,,,,,,,,,,,,,,,,,,,,,
2025,2,6,2025-02-07,A,LIGHTSHIFT,AC1-JH9317,EZ,Stockfit,510,0,510,510,506,4,4,0.78%,0.78%,,2,,,,,,,,1,,,,,,,,,,,,,,,1,,,,,,,,,,,,,,,,,,,
2025,2,6,2025-02-07,A,LITE RACER ADAPT 7.0 I,A-JQ1086,SOC TRANG,IMEVA,,1147,1147,650,635,15,15,2.31%,1.31%,,,,,,,,,,4,,,,11,,,,,,,,,,,,,,,,,,,,,,,,,,,,,,
2025,2,6,2025-02-07,C,GALAXY 7 W,AC3-ID8763,TAESUNG RACH GIA,Stockfit,,5917,5917,2000,1971,29,29,1.45%,0.49%,,,,7,,,,,,,,,,,,,,,22,,,,,,,,,,,,,,,,,,,,,,,,,
2025,2,6,2025-02-07,C,GALAXY 7 M,AC3-ID8757,TAESUNG RACH GIA,Stockfit,,1885,1885,700,688,12,12,1.71%,0.64%,,,,7,,,,,,,,,,,,,,,,,5,,,,,,,,,,,,,,,,,,,,,,,
2025,2,6,2025-02-07,C,GALAXY 7 W,A-JQ2610,EZ,Stockfit,,867,867,600,592,8,8,1.33%,0.92%,,,,,,,,,,,,,,,,,,,8,,,,,,,,,,,,,,,,,,,,,,,,,
2025,2,6,2025-02-07,C,GRAND COURT 2.0,AC7-GW9196,TAESUNG RACH GIA,Outsole,,640,640,640,585,55,55,8.59%,8.59%,,,,,,,,,,4,,28,4,,,,,19,,,,,,,,,,,,,,,,,,,,,,,,,,
2025,2,6,2025-02-07,C,GRAND COURT 2.0 EL C,AC2-IE5995,TAESUNG RACH GIA,Outsole,,190,190,190,175,15,15,7.89%,7.89%,,,,,,,,,,,,12,3,,,,,,,,,,,,,,,,,,,,,,,,,,,,,,,
2025,2,6,2025-02-07,D,GRAND COURT 2.0,AC8-GW9195,TAESUNG RACH GIA,Outsole,,620,620,620,561,59,59,9.52%,9.52%,,,,,,,,,,8,,33,11,,,,,7,,,,,,,,,,,,,,,,,,,,,,,,,,
2025,2,6,2025-02-07,D,GRAND COURT 2.0,AB1-GW9199,TAESUNG RACH GIA,Outsole,,0,1748,1748,1687,61,61,3.49%,3.49%,,,,,,,,,,3,,19,14,,,,,,,,,,,,,,,,,,25,,,,,,,,,,,,,
2025,2,6,2025-02-07,D,VL COURT 3.0,AB1-ID9184,EZ,Outsole,,3213,3213,3213,3118,95,95,2.96%,2.96%,,,,,,,,,,11,,21,,,,,,,,,,,,,,,,63,,,,,,,,,,,,,,,,
2025,2,6,2025-02-07,D,ADVANTAGE,AB1-HR0321,TAESUNG CU CHI,Outsole,,440,440,440,427,13,13,2.95%,2.95%,,,,,,,,,,,,4,9,,,,,,,,,,,,,,,,,,,,,,,,,,,,,,,
